Ticker,ATR,Reason,Side,ATR(x),ATR Used,Risk,Position,Position(R),Entry Price,STOP LOSS PRICE,Exit Price,Entry Date,Exit Date,Realized R,Realized gains,Curncy,,Day 2 Date,Day 2 High,Day 2 Low,Day 2 Open,Day 2 Close,Day 3 Date,Day 3 High,Day 3 low,Day 3 open,Day 3 close,Day 4 Date,Day 4 High,Day 4 low,Day 4 open,Day 4 close,Day 5 Date,Day 5 High,Day 5 low,Day 5 open,Day 5 close
TAN US Equity,5.01,AH+,long,1,5.01,2000,399.2,400,121.63,116.62,113.86,1/7/2021,01/11/2021,-1.55,-3109,USD,,1/8/2021,123.6552,123.6552,123.48,119.13,1/11/2021,117.09,117.09,115.28,115.61,1/12/2021,117.72,117.72,117.22,115.63,1/13/2021,116.26,116.26,116.16,114.46
ARKK US Equity,4.83,reduce,long,2,9.66,2000,207.04,207,131.16,121.5,140.18,1/7/2021,01/11/2021,0.93,1867.14,USD,,1/8/2021,145.64,145.64,142.03,142.48,1/11/2021,140.63,140.63,140.25,138.22,1/12/2021,141.66,141.66,140.18,140.99,1/13/2021,143.5,143.5,141.93,141.72
GBTC US Equity,0.86,HEDGE,long,1.5,1.29,2000,1552.19,1576,14.74,13.45,37.46,11/5/2020,01/11/2021,17.9,35806.72,USD,,11/6/2020,17.71,17.71,17.66,17.54,11/9/2020,17.4,17.4,17.35,17.09,11/10/2020,17,17,16.94,16.51,11/11/2020,18,18,16.75,17.525
NIO US Equity,2.93,AH+,long,2.5,7.33,2000,273.04,273,51.29,43.97,61.5,1/4/2021,01/11/2021,1.39,2787.33,USD,,1/5/2021,53.75,53.75,51.97,53.2,1/6/2021,55.2764,55.2764,54.02,50.5,1/7/2021,54.61,54.61,53.05,54.28,1/8/2021,59.31,59.31,57.76,58.92
QBTC CN Equity,2.52,reduced,long,1,2.52,9000,3571.43,2598,26.5,23.98,54.62,11/17/2020,01/11/2021,8.12,73042.77,CAD,,11/18/2020,28.66,28.66,28.65,27.28,11/19/2020,28.05,28.05,27,27.75,11/20/2020,29.6,29.6,28.19,29.49,11/23/2020,31,31,30.09,30.81
BILI US Equity,6.75,AH+,long,2,13.49,2500,185.32,186,99.2,85.71,119.31,1/5/2021,01/11/2021,1.5,3740.46,USD,,1/6/2021,108.05,108.05,100.34,105.6,1/7/2021,112.55,112.55,105.6,111.4,1/8/2021,120.8,120.8,114.74,118.47,1/11/2021,116.83,116.83,114.39,112.47
JD US Equity,3.37,AH+,long,2,6.75,1500,222.33,222,86.28,79.53,90.44,12/1/2020,01/11/2021,0.62,923.52,USD,,12/2/2020,84.9,84.9,84.49,84.38,12/3/2020,87.0699,87.0699,85.16,86.29,12/4/2020,87.46,87.46,87.12,85.19,12/7/2020,85.45,85.45,85.11,83.49
PEN US Equity,12.3,x2,short,3,36.9,3000,81.3,162,192.53,229.43,219,12/2/2020,01/11/2021,-1.43,-4288.14,USD,,12/3/2020,208.86,208.86,202.51,206.25,12/4/2020,210.11,210.11,205.04,209.89,12/7/2020,230.99,230.99,216,224.02,12/8/2020,206.98,206.98,199.16,204.07
ZOM US Equity,0.17,TA,short,3,0.51,2000,3921.57,4000,1.24,1.75,0.98,1/12/2021,01/11/2021,0.53,1056,USD,,1/13/2021,1.2,1.2,1.14,0.976,1/14/2021,1.08,1.08,0.91,1.01,1/15/2021,1.07,1.07,1.04,0.9751,1/19/2021,1.2,1.2,1.2,1.08
CLBS US Equity,0.4,TA,short,2,0.8,2000,2500,2500,3.41,4.21,3.61,01/20/2021,01/20/2021,-0.25,-506,USD,,1/21/2021,2.78,2.78,2.75,2.5,1/22/2021,2.65,2.65,2.34,2.39,1/25/2021,2.41,2.41,2.35,2.29,1/26/2021,2.35,2.35,2.3,2.23
CRSR US Equity,3.3,XR+,long,1,3.3,2500,757.58,757,39.19,35.89,35.97,01/19/2021,01/20/2021,-0.97,-2437.09,USD,,1/20/2021,37.39,37.39,37.08,36,1/21/2021,36.9,36.9,36.68,36.73,1/22/2021,38.9,38.9,35.3,38.38,1/25/2021,41.9899,41.9899,40.99,39.26
IQ US Equity,0.72,BR-(MS),short,1.5,1.07,2000,1861.16,1861,18.97,20.04,20.64,01/12/2021,01/20/2021,-1.56,-3113.08,USD,,1/13/2021,19.65,19.65,19.21,19.31,1/14/2021,20.025,20.025,19.48,19.85,1/15/2021,19.995,19.995,19.9,19.76,1/19/2021,19.88,19.88,19.46,19.49
LAC CN Equity,3.6,DEAL,short,1,3.6,4000,1111.11,1000,29.53,33.13,28.13,01/20/2021,01/20/2021,0.35,1400,CAD,,1/21/2021,29.8,29.8,29.6,28.96,1/22/2021,29.75,29.75,28.49,29.75,1/25/2021,32.02,32.02,30.45,29.47,1/26/2021,30,30,29.5,28.39
LAC US Equity,2.81,DEAL,long,1,2.81,3000,1067.24,1000,22,19.19,22.23,01/20/2021,01/20/2021,0.08,230,USD,,1/21/2021,23.7,23.7,23.12,22.93,1/22/2021,23.25,23.25,22.41,23.23,1/25/2021,25.16,25.16,24.04,23.05,1/26/2021,23.61,23.61,23.22,22.38
CLBS US Equity,0.4,,long,2,0.8,2000,2500,2500,3.61,2.81,2.72,01/20/2021,01/21/2021,-1.11,-2225,USD,,1/21/2021,2.78,2.78,2.75,2.5,1/22/2021,2.65,2.65,2.34,2.39,1/25/2021,2.41,2.41,2.35,2.29,1/26/2021,2.35,2.35,2.3,2.23
EXPR US Equity,0.42,,short,2,0.84,2000,2380.95,2381,3.41,4.25,3.2,01/25/2021,01/25/2021,0.26,514.77,USD,,1/26/2021,3.42,3.42,3.33,3.04,1/27/2021,13.97,13.97,7.93,9.55,1/28/2021,9.05,9.05,7.11,4.7,1/29/2021,7.53,7.53,7.48,6
QBTC CN Equity,7.39,reduced (prev),long,1.5,11.09,10000,902,902,26.5,15.41,48.9,11/17/2020,01/25/2021,2.02,20204.8,CAD,,11/18/2020,28.66,28.66,28.65,27.28,11/19/2020,28.05,28.05,27,27.75,11/20/2020,29.6,29.6,28.19,29.49,11/23/2020,31,31,30.09,30.81
VYNE US Equity,0.09,reduce,long,6,0.54,2000,3703.7,3921,2.91,2.37,2.58,01/25/2021,01/25/2021,-0.65,-1293.93,USD,,1/26/2021,10.4,10.4,10.2,10,1/27/2021,9.88,9.88,9.56,9.16,1/28/2021,9.8,9.8,9.56,8.92,1/29/2021,9.44,9.44,8.96,7.92
VYNE US Equity,0.09,AH+,long,3,0.26,2000,7843.14,3922,2.91,2.66,2.62,01/25/2021,01/25/2021,-0.56,-1129.54,USD,,1/26/2021,10.4,10.4,10.2,10,1/27/2021,9.88,9.88,9.56,9.16,1/28/2021,9.8,9.8,9.56,8.92,1/29/2021,9.44,9.44,8.96,7.92
KOSS US Equity,1.41,,short,2,2.82,2500,886.52,866,11,13.82,9.33,01/26/2021,01/26/2021,0.58,1446.22,USD,,1/27/2021,69.79,69.79,17.52,58,1/28/2021,127.45,127.45,74,41.96,1/29/2021,105.4018,105.4018,72.865,64,2/1/2021,60,60,60,35
BYND US Equity,15.57,,short,2,31.14,2500,80.28,80,182.8,213.94,197.59,01/27/2021,01/27/2021,-0.47,-1183.26,USD,,1/28/2021,192,192,187.245,179.79,1/29/2021,189.37,189.37,178.9,178.08,2/1/2021,181,181,179.63,177.97,2/2/2021,178.425,178.425,178.26,167.16
GBTC UV Equity,1.57,TA,long,1.5,2.36,3000,1273.89,1273,22.6,20.25,31.36,11/30/2020,01/27/2021,3.72,11152.75,USD,,12/1/2020,24.05,24.05,22.84,23.74,12/2/2020,23.88,23.88,23.81,23.39,12/3/2020,24.12,24.12,23.84,24,12/4/2020,23.9,23.9,23.88,23.22
LLY US Equity,5.34,AH+,long,2,10.68,3000,280.9,281,186.24,175.56,207.57,01/11/2021,01/27/2021,2,5994.35,USD,,1/12/2021,184.24,184.24,182.79,178.8,1/13/2021,187.62,187.62,179.83,185.5,1/14/2021,188.96,188.96,185.27,186.69,1/15/2021,191.78,191.78,186.8,190.77
MS US Equity,2.31,,short,2,4.62,2000,432.6,432,76.17,80.79,68.42,01/20/2021,01/27/2021,1.67,3348,USD,,1/21/2021,75.89,75.89,75,74.7,1/22/2021,74.7,74.7,72.55,74.13,1/25/2021,74.02,74.02,73.52,72.38,1/26/2021,73.32,73.32,72.74,71.21
PLTR US Equity,1.77,TA,long,1.5,2.66,2000,753.3,753,27.88,25.23,33.53,01/15/2021,01/27/2021,2.13,4250.38,USD,,1/19/2021,27.54,27.54,26.81,26.62,1/20/2021,27.3,27.3,27.29,26.34,1/21/2021,26.68,26.68,26.42,25.98,1/22/2021,32.65,32.65,25.85,32.58
NAKD US Equity,0.27,RH,long,3,0.8,2000,2496.88,2500,2.62,1.82,1.65,01/28/2021,01/28/2021,-1.21,-2425,USD,,1/29/2021,2.28,2.28,2.25,1.65,2/1/2021,1.9,1.9,1.88,1.42,2/2/2021,1.18,1.18,1.18,0.9101,2/3/2021,1.47,1.47,1.01,1.22
SNDL US Equity,0.15,RH,long,3,0.44,2000,4535.15,4600,1.2,0.76,0.71,01/28/2021,01/28/2021,-1.14,-2275.16,USD,,1/29/2021,0.9,0.9,0.832,0.815,2/1/2021,1.25,1.25,1,1.21,2/2/2021,1.14,1.14,1.08,1.04,2/3/2021,1.33,1.33,1.18,1.21
GME US Equity,84.97,,long,1,84.97,3000,35.31,32,334.99,250.02,319.28,01/29/2021,01/29/2021,-0.17,-502.62,USD,,2/1/2021,322,322,316.56,225,2/2/2021,158,158,140.76,90,2/3/2021,113.3999,113.3999,112.01,92.41,2/4/2021,91.5,91.5,91.19,53.5
LLY US Equity,5.5,,long,2,11,2500,227.27,254,211.3,200.3,204.89,01/29/2021,01/29/2021,-0.65,-1628.67,USD,,2/1/2021,209.89,209.89,209.46,203.14,2/2/2021,205.9,205.9,204.38,197.56,2/3/2021,200.59,200.59,197.81,196.96,2/4/2021,201.88,201.88,196.81,201.62
LLY US Equity,5.5,reduce,long,2,11,2500,227.27,200,211.3,200.3,206.25,01/29/2021,01/29/2021,-0.4,-1010,USD,,2/1/2021,209.89,209.89,209.46,203.14,2/2/2021,205.9,205.9,204.38,197.56,2/3/2021,200.59,200.59,197.81,196.96,2/4/2021,201.88,201.88,196.81,201.62
6123 HK Equity,0.265,QR+,long,3,0.8,15506,19504,20000,5.74,4.95,5.76,01/05,01/05,0.02,380,HKD,,1/6/2021,6.33,6.33,6.3,5.76,1/7/2021,6.07,6.07,5.76,5.85,1/8/2021,5.9,5.9,5.85,5.69,1/11/2021,5.8,5.8,5.71,5.54
1913 HK Equity,2.225,BR-(SG),short,2,4.45,15506,3485,3500,48.72,53.17,46.9,01/06,01/08,0.41,6374.9,HKD,,1/7/2021,48.2,48.2,48.05,46,1/8/2021,47.05,47.05,46,46.9,1/11/2021,49,49,45.8,48.5,1/12/2021,49.3,49.3,48.6,48.3
2888 HK Equity,1.09,TA,short,2,2.18,15506,7113,7100,53.5,55.68,54,01/07,01/08,-0.23,-3550,HKD,,1/8/2021,54.45,54.45,54.4,54,1/11/2021,54,54,53.95,52.5,1/12/2021,53.8,53.8,53.05,53.8,1/13/2021,53.95,53.95,53.8,53.3
3888 HK Equity,2.78,AH-,short,2,5.56,15506,2789,3000,53.85,59.41,57.97,01/06,01/08,-0.8,-12348,HKD,,1/7/2021,55.6,55.6,55.5,54.7,1/8/2021,62.45,62.45,55.1,58,1/11/2021,58.75,58.75,57.75,56.75,1/12/2021,59.8,59.8,56.95,58.75
6666 HK Equity,0.389,reduce,long,6,2.33,23261,9966,10000,9.8,7.47,9.08,01/08,01/08,-0.31,-7200,HKD,,1/11/2021,12.8,12.8,11.6,12.16,1/12/2021,12.5,12.5,12.16,12.16,1/13/2021,12.3,12.3,12.3,11.6,1/14/2021,11.78,11.78,11.7,11.16
6666 HK Equity,0.389,QR+,long,6,2.33,23261,9966,5000,9.8,7.47,11.11,01/08,01/08,0.28,6550,HKD,,1/11/2021,12.8,12.8,11.6,12.16,1/12/2021,12.5,12.5,12.16,12.16,1/13/2021,12.3,12.3,12.3,11.6,1/14/2021,11.78,11.78,11.7,11.16
700 HK Equity,19.5,hedge,short,1.5,29.25,15506,530,500,580.9,610.15,578,01/07,01/08,0.09,1450,HKD,,1/8/2021,578,578,568.5,573,1/11/2021,602,602,581,591,1/12/2021,596.5,596.5,586.5,590,1/13/2021,602.5,602.5,589.5,596
728 HK Equity,0.124,TA,long,1,0.12,15506,125048,124000,1.94,1.82,1.86,01/08,01/08,-0.63,-9833.2,HKD,,1/11/2021,2.07,2.07,1.98,1.99,1/12/2021,2.21,2.21,2.01,2.19,1/13/2021,2.29,2.29,2.2,2.23,1/14/2021,2.35,2.35,2.24,2.3
762 HK Equity,0.226,AH+,long,3,0.68,15506,22871,24000,4.77,4.09,4.22,01/07,01/08,-0.86,-13320,HKD,,1/8/2021,4.41,4.41,3.95,4.41,1/11/2021,4.8,4.8,4.51,4.66,1/12/2021,5,5,4.66,4.94,1/13/2021,5.11,5.11,5,4.92
762 HK Equity,0.226,reduce,long,1.5,0.34,15506,45740,22000,4.77,4.43,4.09,01/07,01/08,-0.96,-14960,HKD,,1/8/2021,4.41,4.41,3.95,4.41,1/11/2021,4.8,4.8,4.51,4.66,1/12/2021,5,5,4.66,4.94,1/13/2021,5.11,5.11,5,4.92
1157 HK Equity,0.443,sec+(Jeff),long,2,0.89,15510,17506,17600,10.72,9.83,10.4,01/11,01/11,-0.36,-5632,HKD,,1/12/2021,10.66,10.66,10.4,10.44,1/13/2021,11.78,11.78,10.6,11.38,1/14/2021,11.38,11.38,11.38,10.64,1/15/2021,10.9,10.9,10.56,10.46
1211 HK Equity,11.37,AH+,long,1.5,17.06,15506,909,1000,209.2,192.15,256.2,01/04,01/11,3.03,47000,HKD,,1/5/2021,235,235,224,229.6,1/6/2021,237.8,237.8,233.4,223.6,1/7/2021,236.8,236.8,228,235.2,1/8/2021,248,248,245.2,240.2
175 HK Equity,1.36,AH+,long,1.5,2.04,23261,11403,11000,29.2,27.16,34.35,01/08,01/11,2.44,56650,HKD,,1/11/2021,35.5,35.5,34.35,32.4,1/12/2021,32.7,32.7,32.2,32.35,1/13/2021,33.5,33.5,32.9,32.7,1/14/2021,34.5,34.5,33.45,32.8
1919 HK Equity,0.665,sec+(Jeff),long,2,1.33,15510,11662,11500,11.12,9.79,10.36,01/11,01/11,-0.56,-8740,HKD,,1/12/2021,10.8,10.8,10.8,10.34,1/13/2021,11.26,11.26,10.36,11.18,1/14/2021,11.44,11.44,11.2,10.22,1/15/2021,10.4,10.4,10.2,10.14
2799 HK Equity,0.027,AH-,short,2,0.05,23261,430763,431000,0.87,0.92,0.92,01/08,01/11,-0.93,-21550,HKD,,1/11/2021,0.93,0.93,0.91,0.92,1/12/2021,0.93,0.93,0.92,0.92,1/13/2021,0.94,0.94,0.93,0.94,1/14/2021,0.94,0.94,0.94,0.93
3319 HK Equity,1.655,GP+,long,3,4.97,15506,3123,3000,38.3,33.33,36.6,01/07,01/11,-0.33,-5100,HKD,,1/8/2021,38.4,38.4,36.75,38.1,1/11/2021,40,40,39,36.6,1/12/2021,36.9,36.9,36.3,36.35,1/13/2021,37.75,37.75,36.45,36.9
3606 HK Equity,2.755,,short,1.5,4.13,15510,3753,3600,50.65,54.78,53.45,01/11,01/11,-0.65,-10080,HKD,,1/12/2021,52.2,52.2,52.2,50,1/13/2021,53.6,53.6,49.6,50.4,1/14/2021,50.95,50.95,50.65,48.8,1/15/2021,48.5,48.5,47.3,48.05
3606 HK Equity,2.105,SP-,short,1,2.11,15510,7368,7200,45.6,47.71,48.97,01/11,01/11,-1.56,-24240.24,HKD,,1/12/2021,52.2,52.2,52.2,50,1/13/2021,53.6,53.6,49.6,50.4,1/14/2021,50.95,50.95,50.65,48.8,1/15/2021,48.5,48.5,47.3,48.05
3998 HK Equity,0.201,BR+(CICC),long,2,0.4,15506,38573,38000,4.35,3.95,4.13,01/06,01/11,-0.54,-8360,HKD,,1/7/2021,4.32,4.32,4.32,4.24,1/8/2021,4.55,4.55,4.27,4.44,1/11/2021,4.54,4.54,4.5,4.13,1/12/2021,4.24,4.24,4.14,4.15
868 HK Equity,0.865,hedge,long,1.5,1.3,15510,11954,12000,21.6,20.3,20.2,01/11,01/11,-1.08,-16800,HKD,,1/12/2021,20.35,20.35,20.25,19.96,1/13/2021,21.15,21.15,20.6,20.3,1/14/2021,20.75,20.75,20.45,20.2,1/15/2021,20.55,20.55,20.2,19.58
9923 HK Equity,1.955,BR+(JEFF),long,3,5.87,15506,2644,2800,37.4,31.53,42.1,01/05,01/11,0.85,13160,HKD,,1/6/2021,43.95,43.95,41.4,43.55,1/7/2021,45,45,43.55,44.2,1/8/2021,44,44,44,43.3,1/11/2021,43,43,43,42.1
2282 HK Equity,0.914,BR-(MS),short,1.5,1.37,15510,11313,11200,12.88,14.25,12.34,01/11,01/13,0.39,6048,HKD,,1/12/2021,12.7,12.7,12.7,12.18,1/13/2021,12.64,12.64,12.36,12.18,1/14/2021,12.2,12.2,12.18,11.94,1/15/2021,11.96,11.96,11.96,11.9
23 HK Equity,0.392,BR-(MS),short,2,0.78,15510,19783,19800,16.92,17.7,16.42,01/12,01/13,0.64,9860.4,HKD,,1/13/2021,17,17,16.9,16.88,1/14/2021,17.08,17.08,16.88,16.88,1/15/2021,17,17,16.42,16.96,1/18/2021,16.96,16.96,16.96,16.78
2333 HK Equity,2.065,BR+(CICC),long,2,4.13,15510,3755,4000,30.7,26.57,28.5,01/11,01/13,-0.57,-8800,HKD,,1/12/2021,30.7,30.7,30.45,30.35,1/13/2021,30.55,30.55,30.35,28.6,1/14/2021,29.05,29.05,28.7,26.8,1/15/2021,26.75,26.75,26.5,25.8
992 HK Equity,0.4,BR+(CS),long,2,0.8,15510,19387,20000,7.51,6.71,9.24,01/12,01/13,2.23,34600,HKD,,1/13/2021,9.42,9.42,9.25,8.83,1/14/2021,9.09,9.09,8.75,8.82,1/15/2021,8.94,8.94,8.65,8.8,1/18/2021,9.4,9.4,8.63,9.18
992 HK Equity,0.4,TA-,short,2,0.8,15510,19388,20000,8.89,9.69,9.13,01/13,01/13,-0.31,-4820,HKD,,1/14/2021,9.09,9.09,8.75,8.82,1/15/2021,8.94,8.94,8.65,8.8,1/18/2021,9.4,9.4,8.63,9.18,1/19/2021,9.49,9.49,9.25,9.31
1137 HK Equity,0.376,BR+(JEFF),long,3,1.13,15506,13746,14000,12.3,11.17,14.82,01/05,01/15,2.28,35280,HKD,,1/6/2021,11.9,11.9,11.82,11.5,1/7/2021,11.62,11.62,11.5,11.58,1/8/2021,12.16,12.16,11.8,11.9,1/11/2021,12.44,12.44,12.02,12.14
1772 HK Equity,9.9,BR+(MS),long,2,19.8,11510,581,600,118,98.2,113.4,01/13,01/15,-0.24,-2760,HKD,,1/14/2021,114.2,114.2,114.2,107.2,1/15/2021,114.2,114.2,107.9,113.4,1/18/2021,115.8,115.8,114,113.1,1/19/2021,117.1,117.1,115,107
1787 HK Equity,0.548,hedge,long,2,1.1,15506,14148,14250,18.28,17.18,17.36,01/04,01/15,-0.85,-13110,HKD,,1/5/2021,18.98,18.98,18.66,18.72,1/6/2021,18.86,18.86,18.86,18.4,1/7/2021,18.8,18.8,18.16,18.52,1/8/2021,18.5,18.5,18.5,18.34
1810 HK Equity,1.97,AH+,long,2,3.94,15510,3937,4000,32.75,28.81,29,01/11,01/15,-0.97,-15000,HKD,,1/12/2021,33.75,33.75,32.5,33.45,1/13/2021,34,34,33.55,33,1/14/2021,33.65,33.65,33.3,32.65,1/15/2021,30.5,30.5,29,29.3
1999 HK Equity,1.016,SEC+,long,2,2.03,15507,7631,7600,17.82,15.79,16.5,01/14,01/15,-0.65,-10032,HKD,,1/15/2021,17.12,17.12,16.5,16.2,1/18/2021,17.66,17.66,16.2,17.16,1/19/2021,18.2,18.2,16.9,18.08,1/20/2021,19.2,19.2,18.48,18.14
2238 HK Equity,0.495,TA,short,1.5,0.74,15507,20885,20000,8.97,9.71,9.53,01/15,01/15,-0.72,-11120,HKD,,1/18/2021,9.28,9.28,9.27,8.62,1/19/2021,8.77,8.77,8.77,8.18,1/20/2021,8.55,8.55,8.28,8.35,1/21/2021,8.41,8.41,8.4,8.12
522 HK Equity,3.635,BR+(MS),long,1.5,5.45,15510,2845,2800,98.3,92.85,109.6,01/12,01/15,2.04,31640,HKD,,1/13/2021,100.9,100.9,96.85,100,1/14/2021,101.8,101.8,100.7,100.6,1/15/2021,113,113,103.3,109.6,1/18/2021,120,120,111,119.4
700 HK Equity,19.6,AH+,long,1.5,29.4,15507,527,500,608,578.6,629.5,01/14,01/15,0.69,10750,HKD,,1/15/2021,646,646,629.5,645,1/18/2021,667.5,667.5,638.5,657,1/19/2021,673.5,673.5,665,655,1/20/2021,680,680,671,679.5
806 HK Equity,0.233,QR+,long,2,0.47,15510,33283,33000,5.06,4.59,5.06,01/12,01/15,0,0,HKD,,1/13/2021,5.4,5.4,5.18,5.27,1/14/2021,5.33,5.33,5.33,5.15,1/15/2021,5.22,5.22,5.14,5.06,1/18/2021,5.15,5.15,5.06,5.13
1585 HK Equity,1.438,BR+(cicc),long,1.5,2.16,15507,7189,8000,18.18,16.02,18.24,01/14,01/18,0.03,480,HKD,,1/15/2021,18.36,18.36,18.36,17.54,1/18/2021,18.36,18.36,17.58,18.24,1/19/2021,18.98,18.98,18.78,18.46,1/20/2021,20.75,20.75,19.12,19.46
1810 HK Equity,1.845,AH-,short,1,1.85,15506,8404,8200,28.74,30.58,29.9,01/15,01/18,-0.62,-9540.7,HKD,,1/18/2021,30.45,30.45,29,29.9,1/19/2021,32.5,32.5,30.5,31.4,1/20/2021,32.2,32.2,31.4,31.95,1/21/2021,31.9,31.9,31.5,30.95
1876 HK Equity,0.89,BR+(MAC),long,3,2.67,15506,5808,5800,24.95,22.28,24.4,01/15,01/18,-0.21,-3190,HKD,,1/18/2021,24.5,24.5,24.2,24.4,1/19/2021,25.4,25.4,24.3,25.05,1/20/2021,25.7,25.7,24.85,25.1,1/21/2021,25.45,25.45,25.4,24.45
2331 HK Equity,2.61,BR+(CS),long,2,5.22,15506,2971,3000,49.4,44.18,53.25,01/15,01/18,0.74,11550,HKD,,1/18/2021,53.6,53.6,51.3,53.25,1/19/2021,54.9,54.9,53.4,54.7,1/20/2021,57.6,57.6,55.5,55,1/21/2021,54.65,54.65,54.65,52.1
268 HK Equity,1.685,QR--,short,2,3.37,15509,4602,5000,27.2,30.57,30.65,01/18,01/18,-1.11,-17250,HKD,,1/19/2021,33.5,33.5,32.5,31.3,1/20/2021,33,33,31.6,32.35,1/21/2021,34,34,32.9,32.8,1/22/2021,34.45,34.45,32.5,33.45
3331 HK Equity,1.04,BR+(CICC),long,3,3.12,15506,4970,5000,24.75,21.63,24.5,01/07,01/18,-0.08,-1250,HKD,,1/8/2021,24.4,24.4,24,24.15,1/11/2021,24.5,24.5,24.1,23.5,1/12/2021,24.05,24.05,23.5,23.75,1/13/2021,24.8,24.8,23.8,24.7
3606 HK Equity,2.82,AH-,short,2,5.64,15510,2750,3600,51.3,56.94,48.85,01/11,01/18,0.57,8820,HKD,,1/12/2021,52.2,52.2,52.2,50,1/13/2021,53.6,53.6,49.6,50.4,1/14/2021,50.95,50.95,50.65,48.8,1/15/2021,48.5,48.5,47.3,48.05
3690 HK Equity,12.6,AH+,long,1.5,18.9,15507,821,800,302.8,283.9,325,01/14,01/18,1.15,17760,HKD,,1/15/2021,315,315,314.8,307.6,1/18/2021,327,327,307.6,325,1/19/2021,348,348,334,341,1/20/2021,374.6,374.6,346,372
386 HK Equity,0.092,BR+(citi),long,2,0.18,15506,84273,84000,3.59,3.41,3.96,01/06,01/18,2,31080,HKD,,1/7/2021,3.74,3.74,3.64,3.72,1/8/2021,3.82,3.82,3.79,3.76,1/11/2021,3.78,3.78,3.74,3.73,1/12/2021,3.78,3.78,3.73,3.78
388 HK Equity,12,BR+(CICC),long,3,36,15506,431,400,456,420,482,01/06,01/18,0.67,10400,HKD,,1/7/2021,459.8,459.8,453.6,443,1/8/2021,464.4,464.4,449.6,452,1/11/2021,458,458,457,450.2,1/12/2021,454.6,454.6,450.2,450.2
388 HK Equity,12.28,AH+,long,3,36.84,23261,631,600,449.6,412.76,482,01/08,01/18,0.84,19440,HKD,,1/11/2021,458,458,457,450.2,1/12/2021,454.6,454.6,450.2,450.2,1/13/2021,456.8,456.8,450.4,453.4,1/14/2021,459.6,459.6,454,458
3968 HK Equity,2.375,QR+,long,2,4.75,15506,3264,2000,60.2,55.45,60.1,01/14,01/18,-0.01,-200,HKD,,1/15/2021,62.05,62.05,59,60.9,1/18/2021,60.9,60.9,60.9,60.1,1/19/2021,61.65,61.65,61.65,60.8,1/20/2021,62.1,62.1,62,61.1
486 HK Equity,0.142,BR+(JPM),long,3,0.43,15506,36400,36000,3.93,3.5,3.83,01/15,01/18,-0.23,-3600,HKD,,1/18/2021,3.87,3.87,3.85,3.83,1/19/2021,3.89,3.89,3.86,3.87,1/20/2021,3.85,3.85,3.85,3.82,1/21/2021,3.87,3.87,3.82,3.86
522 HK Equity,3.54,BR+(citi),long,2,7.08,15506,2190,2200,103.3,96.22,119.4,01/15,01/18,2.28,35420,HKD,,1/18/2021,120,120,111,119.4,1/19/2021,128,128,120.5,117,1/20/2021,126.6,126.6,119.9,125,1/21/2021,133.8,133.8,124,131.2
694 HK Equity,0.255,AH-,short,2,0.51,15510,30412,30000,6,6.51,5.83,01/12,01/18,0.33,5100,HKD,,1/13/2021,5.99,5.99,5.95,5.9,1/14/2021,6.08,6.08,5.85,6.01,1/15/2021,6.01,6.01,5.96,5.82,1/18/2021,5.83,5.83,5.77,5.83
857 HK Equity,0.066,BR+(UBS_,long,2,0.13,15507,117481,118000,2.62,2.49,2.6,01/14,01/18,-0.15,-2360,HKD,,1/15/2021,2.63,2.63,2.6,2.58,1/18/2021,2.6,2.6,2.57,2.6,1/19/2021,2.65,2.65,2.62,2.64,1/20/2021,2.66,2.66,2.66,2.63
HIF1 Index,404.7,hedge,short,1,404.7,15506,38,50,28535,28939.7,28838,01/15,01/18,-0.98,-15150,HKD,,1/18/2021,28843,28843,28609,28836,1/19/2021,29905,29905,28842,29614,1/20/2021,29977,29977,29608,29892,1/21/2021,30143,30143,29898,29915
3333 HK Equity,0.538,squeeze,long,2,1.08,15506,14411,15000,15.62,14.54,16.6,01/19,01/19,0.95,14719.5,HKD,,1/20/2021,17.58,17.58,17.5,16.86,1/21/2021,17.26,17.26,17,16.7,1/22/2021,16.7,16.7,16.7,15.68,1/25/2021,17.06,17.06,15.98,16.82
1478 HK Equity,0.684,QR+,long,2,1.37,15509,11337,11000,14.02,12.65,16.89,01/18,01/20,2.03,31540.3,HKD,,1/19/2021,17.3,17.3,16.2,16.98,1/20/2021,18,18,17.48,17.88,1/21/2021,18.16,18.16,18,17.58,1/22/2021,17.7,17.7,17.58,17.2
175 HK Equity,2.51,AH+,long,2,5.02,15504,3088,3000,34.2,29.18,33.3,01/20,01/21,-0.17,-2700,HKD,,1/21/2021,34.25,34.25,34.1,33.3,1/22/2021,33.3,33.3,33.05,32,1/25/2021,34.25,34.25,32.45,33.8,1/26/2021,36.45,36.45,34.7,33.4
2238 HK Equity,0.62,AH-,short,2,1.24,15506,12505,12000,8.77,10.01,8.12,01/19,01/21,0.5,7800,HKD,,1/20/2021,8.55,8.55,8.28,8.35,1/21/2021,8.41,8.41,8.4,8.12,1/22/2021,8.34,8.34,8.19,8.08,1/25/2021,8.1,8.1,8.08,7.89
460 HK Equity,0.124,,short,1.5,0.19,15503,83349,84000,1.68,1.87,1.75,01/21,01/21,-0.38,-5863.2,HKD,,1/22/2021,2.32,2.32,2.18,1.68,1/25/2021,1.86,1.86,1.66,1.46,1/26/2021,1.98,1.98,1.51,1.88,1/27/2021,2.25,2.25,1.93,1.82
460 HK Equity,0.073,TA,short,1.5,0.11,15503,141577,142000,1.51,1.62,1.84,01/21,01/21,-3.05,-47342.8,HKD,,1/22/2021,2.32,2.32,2.18,1.68,1/25/2021,1.86,1.86,1.66,1.46,1/26/2021,1.98,1.98,1.51,1.88,1/27/2021,2.25,2.25,1.93,1.82
1308 HK Equity,1.008,2dt,long,2,2.02,15504,7690,800,19.5,17.48,19.9,01/20,01/22,0.02,320,HKD,,1/21/2021,20.4,20.4,20.35,19.98,1/22/2021,20.35,20.35,19.98,19.9,1/25/2021,20.3,20.3,19.9,19.68,1/26/2021,19.86,19.86,19.28,19.4
1337 HK Equity,0.13,QR+,long,1,0.13,15506,119277,120000,2.54,2.41,2.71,01/20,01/22,1.32,20400,HKD,,1/21/2021,2.75,2.75,2.65,2.58,1/22/2021,2.75,2.75,2.63,2.71,1/25/2021,2.83,2.83,2.8,2.8,1/26/2021,2.88,2.88,2.88,2.7
1776 HK Equity,0.556,BR++(MS),long,1.2,0.67,15506,23240,24000,13.01,12.34,12.24,01/20,01/22,-1.19,-18480,HKD,,1/21/2021,13.36,13.36,13.1,12.84,1/22/2021,12.9,12.9,12.9,12.24,1/25/2021,12.48,12.48,12.38,12.34,1/26/2021,12.4,12.4,12.24,11.8
2269 HK Equity,4.58,BR+(citi),long,3,13.74,15504,1128,1000,112.8,99.06,117,01/20,01/22,0.27,4200,HKD,,1/21/2021,121.9,121.9,120,114.4,1/22/2021,128.2,128.2,118.3,121.3,1/25/2021,125.1,125.1,123.3,120.9,1/26/2021,121.6,121.6,120,115.5
2319 HK Equity,2.245,XR+,long,2,4.49,15506,3454,3000,48.7,44.21,46.3,01/19,01/22,-0.46,-7200,HKD,,1/20/2021,50.45,50.45,47.3,49.3,1/21/2021,50.7,50.7,50,48.1,1/22/2021,48,48,47.8,46.3,1/25/2021,47.95,47.95,47.95,47.65
241 HK Equity,1.18,BR+(DW),long,3,3.54,15503,4379,4000,27.65,24.11,27.8,01/21,01/22,0.04,600,HKD,,1/22/2021,28.6,28.6,27,27.8,1/25/2021,27.5,27.5,27.2,27.05,1/26/2021,27.8,27.8,27.5,26.05,1/27/2021,26.7,26.7,26.55,26.3
3913 HK Equity,0.573,"AH+, BR+(JEFF)",long,2,1.15,15506,13531,14000,8.1,6.95,8.58,01/19,01/22,0.43,6720,HKD,,1/20/2021,8.86,8.86,8.68,8.8,1/21/2021,8.9,8.9,8.79,8.6,1/22/2021,8.64,8.64,8.64,8.58,1/25/2021,9.18,9.18,8.8,8.83
520 HK Equity,1.276,AH-,short,1.5,1.91,15503,8100,8000,18.58,20.49,17.3,01/21,01/22,0.66,10240,HKD,,1/22/2021,17.64,17.64,17.6,17.3,1/25/2021,17.74,17.74,17.5,17.44,1/26/2021,18.08,18.08,17.2,17.48,1/27/2021,17.68,17.68,17.4,17.06
522 HK Equity,6.845,"BR+(MS, citi), SPLC+",long,2,13.69,15503,1132,1100,124,110.31,124.9,01/21,01/22,0.06,990,HKD,,1/22/2021,130.4,130.4,128,124.9,1/25/2021,128.5,128.5,125,126.1,1/26/2021,127.8,127.8,126,122.7,1/27/2021,124.9,124.9,123.5,121.3
881 HK Equity,2.88,BR+(citi),long,1.5,4.32,15506,3589,3500,51.2,46.88,49.6,01/19,01/22,-0.36,-5600,HKD,,1/20/2021,53.25,53.25,52.35,51.6,1/21/2021,52.45,52.45,51.85,50.9,1/22/2021,51.4,51.4,50.05,49.6,1/25/2021,51.4,51.4,49.6,49.5
1797 HK Equity,1.525,XR+,long,3,4.57,15506,3389,3500,28.85,24.28,25.74,01/22,01/25,-0.7,-10900.05,HKD,,1/25/2021,27.85,27.85,27.8,26,1/26/2021,26.5,26.5,26.5,25.45,1/27/2021,28,28,25.9,28,1/28/2021,30.05,30.05,28.05,28.3
883 HK Equity,0.412,AH-,short,1,0.41,15506,37636,35000,7.7,8.11,8.02,01/25,01/25,-0.72,-11200,HKD,,1/26/2021,8.23,8.23,8.05,7.6,1/27/2021,8.18,8.18,7.93,8.06,1/28/2021,8.29,8.29,7.98,7.92,1/29/2021,8.09,8.09,8.05,7.62
354 HK Equity,0.636,AH+,long,1.5,0.95,15503,16250,16000,11.16,10.21,9.85,01/26,01/26,-1.35,-20960,HKD,,1/27/2021,10.02,10.02,9.95,9.78,1/28/2021,9.85,9.85,9.42,9.24,1/29/2021,9.7,9.7,9.31,9.44,2/1/2021,9.95,9.95,9.53,9.84
1138 HK Equity,0.129,QR+,long,2,0.26,15503,60088,60000,3.52,3.26,3.24,01/26,01/28,-1.07,-16578,HKD,,1/27/2021,3.47,3.47,3.45,3.32,1/28/2021,3.29,3.29,3.29,3.1,1/29/2021,3.16,3.16,3.15,3.11,2/1/2021,3.17,3.17,3.08,3.13
1157 HK Equity,0.676,QR+,long,2,1.35,15503,11466,11400,11.48,10.13,10.1,01/21,01/28,-1.01,-15732,HKD,,1/22/2021,11.14,11.14,10.98,11.02,1/25/2021,11.26,11.26,11.16,11,1/26/2021,11,11,11,10.56,1/27/2021,10.84,10.84,10.56,10.68
1308 HK Equity,1.08,QR+,long,2,2.16,15503,7177,8000,19.5,17.34,17.48,01/20,01/28,-1.04,-16160,HKD,,1/21/2021,20.4,20.4,20.35,19.98,1/22/2021,20.35,20.35,19.98,19.9,1/25/2021,20.3,20.3,19.9,19.68,1/26/2021,19.86,19.86,19.28,19.4
1337 HK Equity,0.128,XR+,long,2,0.26,15506,60570,60000,2.53,2.27,2.48,01/19,01/28,-0.19,-3000,HKD,,1/20/2021,2.67,2.67,2.43,2.6,1/21/2021,2.75,2.75,2.65,2.58,1/22/2021,2.75,2.75,2.63,2.71,1/25/2021,2.83,2.83,2.8,2.8
200 HK Equity,0.456,BR-(CS),short,1.5,0.68,15506,22670,23000,13.84,14.52,13.6,01/19,01/28,0.36,5520,HKD,,1/20/2021,14.48,14.48,14.1,13.84,1/21/2021,14.1,14.1,14,13.86,1/22/2021,13.84,13.84,13.8,13.4,1/25/2021,13.5,13.5,13.42,13.24
2269 HK Equity,7.48,QR+,long,2,14.96,15503,1036,1000,108.4,93.44,107.3,01/28,01/28,-0.07,-1100,HKD,,1/29/2021,114.5,114.5,109.9,109.1,2/1/2021,116.7,116.7,111,115.9,2/2/2021,122.2,122.2,120,120.4,2/3/2021,118.9,118.9,116.8,117.6
2333 HK Equity,2.43,QR+,long,1.5,3.65,15503,4253,4500,29.3,25.66,25.5,01/26,01/28,-1.1,-17100,HKD,,1/27/2021,28.4,28.4,28.25,26.3,1/28/2021,26.9,26.9,25.35,25.35,1/29/2021,27.2,27.2,26,24.3,2/1/2021,24.7,24.7,24.3,24.55
345 HK Equity,0.86,BR-(MS),short,2,1.72,15503,9013,10000,30.75,32.47,33.41,01/26,01/28,-1.72,-26600,HKD,,1/27/2021,31.3,31.3,30.8,31.1,1/28/2021,36.6,36.6,30.5,35.9,1/29/2021,34.85,34.85,34.4,33.85,2/1/2021,34.95,34.95,33.5,34.3
3690 HK Equity,17.24,AH+,long,2,34.48,15503,450,400,364.2,329.72,355.6,01/21,01/28,-0.22,-3440,HKD,,1/22/2021,387.6,387.6,370,380.2,1/25/2021,407.6,407.6,384.6,399.8,1/26/2021,395.4,395.4,390.6,378.6,1/27/2021,378.4,378.4,372,364
486 HK Equity,0.481,BR+(GS),long,2,0.96,11506,11960,12000,3.84,2.88,3.47,01/22,01/28,-0.39,-4440,HKD,,1/25/2021,3.68,3.68,3.68,3.66,1/26/2021,3.65,3.65,3.65,3.61,1/27/2021,3.64,3.64,3.64,3.59,1/28/2021,3.58,3.58,3.58,3.47
700 HK Equity,24,BR+(citi),long,1,24,15506,646,600,707,683,681,01/25,01/28,-1.01,-15600,HKD,,1/26/2021,749,749,745,718.5,1/27/2021,729,729,716,701.5,1/28/2021,719.5,719.5,700,681,1/29/2021,717,717,695,681.5
968 HK Equity,1.513,BR+(MAC),long,3,4.54,15503,3415,4000,20.4,15.86,17.48,01/21,01/28,-0.75,-11680,HKD,,1/22/2021,20.05,20.05,19.98,19.06,1/25/2021,19.6,19.6,19.2,19.06,1/26/2021,19.5,19.5,19.4,18.88,1/27/2021,18.96,18.96,18.8,17.82
973 HK Equity,1.004,QR+,long,2,2.01,15503,7721,7750,20.4,18.39,23.2,01/27,01/28,1.4,21700,HKD,,1/28/2021,23.7,23.7,23.2,22.1,1/29/2021,23.05,23.05,22.1,21.35,2/1/2021,21.85,21.85,21.7,21.25,2/2/2021,21.95,21.95,21.95,21.65
HIF1 Index,503,hedge,short,1,503,15506,31,50,29884,30387,28748,01/26,01/28,3.66,56800,HKD,,1/27/2021,29663,29663,29455,29279,1/28/2021,29309,29309,29293,28748,,,,,,,,,,
PNDORA DC Equity,17.76,2dt,long,2,35.52,18226,513,513,688.8,653.28,635,01/04/2021,01/05/2021,-1.51,-27599.4,DKK,,1/5/2021,652.4,652.4,640,630.8,1/6/2021,636.6,636.6,632,630,1/7/2021,645,645,632,632.2,1/8/2021,640.2,640.2,634,637.8
1COV GY Equity,1.079,BR+(GS),long,2,2.16,2433,1127,1127,53.48,51.32,54.18,01/07/2021,01/08/2021,0.32,788.9,EUR,,1/8/2021,54.96,54.96,54.64,54.18,1/11/2021,54.34,54.34,54.14,53.74,1/12/2021,55.44,55.44,54.16,55.06,1/13/2021,55.7,55.7,55.4,55
DHER GY Equity,5.39,BR+(citi),long,3,16.17,2448,151,151,135.5,119.33,135.55,01/05/2021,01/08/2021,0,7.55,EUR,,1/6/2021,144.65,144.65,144.65,138.35,1/7/2021,138.2,138.2,134,134.4,1/8/2021,138.15,138.15,135,135.55,1/11/2021,137.05,137.05,134.8,132.35
DTE GY Equity,0.2555,XR+,long,2,0.51,2433,4761,4761,15.22,14.71,15.2,01/07/2021,01/08/2021,-0.05,-119.03,EUR,,1/8/2021,15.45,15.45,15.45,15.195,1/11/2021,15.27,15.27,15.205,15.19,1/12/2021,15.225,15.225,15.21,15.12,1/13/2021,15.26,15.26,15.12,15.18
FTK GY Equity,2.46,XR+(MF),long,1.5,3.69,2448,663,663,63.6,59.91,66.1,01/05/2021,01/08/2021,0.68,1657.5,EUR,,1/6/2021,64.9,64.9,64.3,64.2,1/7/2021,66,66,64.9,65.6,1/8/2021,67.1,67.1,66.3,66.1,1/11/2021,68.3,68.3,66.5,64.6
HAS LN Equity,4.51,BR-(CS),short,3,13.53,220297,16282,16268,143.29,156.82,148.9,01/06/2021,01/08/2021,-0.41,-91263.48,GBp,,1/7/2021,151.4,151.4,149,149.1,1/8/2021,152,152,151.5,148.9,1/11/2021,149.3,149.3,149.3,144.5,1/12/2021,146.5,146.5,144,145.3
HFG GY Equity,3.35,AH+,long,2,6.7,2856,426,426,65.8,59.1,64.6,01/08/2021,01/08/2021,-0.18,-511.2,EUR,,1/11/2021,65.15,65.15,64.25,63,1/12/2021,65,65,64.2,63.95,1/13/2021,64.75,64.75,64.05,63.95,1/14/2021,65,65,64.2,64.35
KAMBI SS Equity,13.46,QR+,long,2,26.92,24500,910,910,435,408.08,448.2,01/07/2021,01/08/2021,0.49,12012,SEK,,1/8/2021,455,455,440,448.2,1/11/2021,450,450,448.2,440,1/12/2021,444,444,439,436,1/13/2021,457.8,457.8,436.2,449.8
LHN SW Equity,0.977,AH-,short,2,1.95,2635,1349,1349,52,53.95,52.54,01/07/2021,01/08/2021,-0.28,-728.46,CHF,,1/8/2021,53.2,53.2,53.06,52.54,1/11/2021,52.48,52.48,52.4,51.78,1/12/2021,52.4,52.4,52.08,51.94,1/13/2021,52.16,52.16,52.14,51.56
PETS LN Equity,19.48,QR+,long,3,58.44,258169,4418,4418,451.8,393.36,435,01/08/2021,01/08/2021,-0.29,-74222.4,GBp,,1/11/2021,446.8,446.8,446.8,425.4,1/12/2021,431.2,431.2,431.2,416.2,1/13/2021,425.8,425.8,409.8,418,1/14/2021,418.6,418.6,410,406
TRI FP Equity,3.14,QR+,long,2,6.28,2856,455,455,157.7,151.42,148.5,01/08/2021,01/08/2021,-1.47,-4186,EUR,,1/11/2021,151.4,151.4,148.9,151.4,1/12/2021,150.6,150.6,149.9,149.5,1/13/2021,151.4,151.4,149.9,146.3,1/14/2021,152.3,152.3,147.2,151.7
WCH GY Equity,3.34,AH+,long,2,6.68,2433,364,364,120,113.32,121.25,01/07/2021,01/08/2021,0.19,455,EUR,,1/8/2021,122.2,122.2,119.45,121.25,1/11/2021,122.6,122.6,121.5,119.35,1/12/2021,121.9,121.9,119.75,120.25,1/13/2021,122.85,122.85,120.95,120.05
COTN SW Equity,4.74,xr+,long,2,9.48,3101,327,327,200,190.52,205.5,01/08/2021,01/12/2021,0.58,1798.5,CHF,,1/11/2021,208,208,204.5,203,1/12/2021,205.5,205.5,202.5,205.5,1/13/2021,209,209,205.5,204.5,1/14/2021,211.5,211.5,204,210
JD/ LN Equity,34.7,QR+,long,2,69.4,259202,3735,3735,920.12,850.72,858,01/11/2021,01/12/2021,-0.9,-232018.2,GBp,,1/12/2021,892.8,892.8,892.8,858,1/13/2021,865.6,865.6,853,856,1/14/2021,863.4,863.4,855.4,851.4,1/15/2021,864.8,864.8,849.8,829.8
NB2 GY Equity,5.82,ah+,long,2,11.64,2450,210,210,82,70.36,87.8,01/04/2021,01/12/2021,0.5,1218,EUR,,1/5/2021,92.2,92.2,87,91,1/6/2021,92.2,92.2,91.6,89.6,1/7/2021,100,100,90.6,100,1/8/2021,101.5,101.5,101,96
PNDORA DC Equity,22.98,QR+,long,2,45.96,21368,465,465,641.65,595.69,610.6,01/11/2021,01/12/2021,-0.68,-14436.86,DKK,,1/12/2021,638,638,637.4,610.6,1/13/2021,611.2,611.2,610,608.6,1/14/2021,617.6,617.6,610.2,616.2,1/15/2021,623,623,613.6,613
PTEC LN Equity,19.15,QR+,long,2,38.3,258284,6744,6744,467.5,429.2,468.7,01/12/2021,01/12/2021,0.03,8092.8,GBp,,1/13/2021,482.5,482.5,462.9,481.3,1/14/2021,483.2,483.2,479.8,480,1/15/2021,484.8,484.8,484.8,473.4,1/18/2021,480.9,480.9,476.2,480
SGO FP Equity,0.865,QR+,long,2,1.73,2433,1406,1406,42.6,40.87,43,01/07/2021,01/12/2021,0.23,562.4,EUR,,1/8/2021,43.69,43.69,42.99,43.47,1/11/2021,43.74,43.74,43.41,42.93,1/12/2021,43.27,43.27,43.06,43,1/13/2021,43.76,43.76,43.36,43.5
SHL GY Equity,0.85,TA,long,2,1.7,2000,1176,1100,43.97,42.27,43.61,01/12/2021,01/12/2021,-0.2,-390.5,EUR,,1/13/2021,44.34,44.34,43.495,43.8,1/14/2021,44.025,44.025,44.025,43.565,1/15/2021,43.81,43.81,43.25,43.6,1/18/2021,43.625,43.625,43.2,43.31
SHL GY Equity,0.7195,BR+(MF),long,2,1.44,2432,1690,2258,43.49,42.05,43.95,01/06/2021,01/12/2021,0.43,1055.39,EUR,,1/7/2021,44.435,44.435,44.12,44,1/8/2021,44.64,44.64,44.1,44.64,1/11/2021,44.6,44.6,44.495,44.37,1/12/2021,44.205,44.205,43.05,43.61
SW FP Equity,1.78,QR+,long,2,3.56,2856,802,802,74,70.44,75.2,01/08/2021,01/12/2021,0.34,962.4,EUR,,1/11/2021,77,77,76.8,74.88,1/12/2021,78.2,78.2,76.34,75.2,1/13/2021,75.54,75.54,75.28,74.22,1/14/2021,77.14,77.14,74.62,76.82
TMV GY Equity,1.49,QR+,long,2,2.98,2871,964,964,43.13,40.15,41.51,01/11/2021,01/12/2021,-0.54,-1561.68,EUR,,1/12/2021,42.5,42.5,41.56,41.51,1/13/2021,42.67,42.67,42,41.93,1/14/2021,42.45,42.45,42.1,41.58,1/15/2021,41.7,41.7,41.5,40.33
UNIR IM Equity,0.528,CIR+(KP),long,2,1.06,2433,2304,2304,13.56,12.5,14.54,01/07/2021,01/12/2021,0.93,2257.92,EUR,,1/8/2021,15.08,15.08,14.76,14.9,1/11/2021,15.1,15.1,14.94,14.66,1/12/2021,14.88,14.88,14.8,14.54,1/13/2021,14.84,14.84,14.6,14.52
VGH1 Equity,51.9,hedge,short,1.5,77.85,2871,37,40,3622,3699.85,3614,01/11/2021,01/12/2021,0.11,320,EUR,,1/12/2021,3624,3624,3612,3600,1/13/2021,3612,3612,3602,3606,1/14/2021,3635,3635,3610,3629,1/15/2021,3626,3626,3624,3585
VWS DC Equity,45.1,ah+,long,2,90.2,18226,202,202,1445,1354.8,1425.5,01/04/2021,01/12/2021,-0.22,-3939,DKK,,1/5/2021,1482,1482,1477,1463.5,1/6/2021,1520,1520,1493,1510,1/7/2021,1564.5,1564.5,1544,1560,1/8/2021,1605,1605,1570,1560
CA FP Equity,0.3635,AH-,short,3,1.09,2865,2627,2627,16.95,18.04,17.61,01/13/2021,01/13/2021,-0.61,-1740.12,EUR,,1/14/2021,17.44,17.44,16.52,17.1,1/15/2021,16.74,16.74,16.36,16.61,1/18/2021,15.75,15.75,15.485,15.46,1/19/2021,15.67,15.67,15.525,15
FTI FP Equity,0.3446,AH+,long,1.5,0.52,2856,5525,5525,9.35,8.83,10,01/08/2021,01/13/2021,1.26,3591.25,EUR,,1/11/2021,7.337072574,7.337072574,7.1079,7.1094,1/12/2021,7.796848568,7.796848568,7.3133,7.6406,1/13/2021,7.88612546,7.88612546,7.8489,7.4397,1/14/2021,7.34897616,7.34897616,7.2389,7.349
KGF LN Equity,7.84,QR+,long,2,15.68,258284,16472,16472,287.7,272.02,282.9,01/12/2021,01/13/2021,-0.31,-79065.6,GBp,,1/13/2021,286.6,286.6,286.2,282.9,1/14/2021,284.7,284.7,283.6,279.6,1/15/2021,281.5,281.5,279.7,269.4,1/18/2021,271.4,271.4,269,268.7
MTX GY Equity,6.87,BR-(citi),short,2,13.74,2871,209,209,206.5,220.24,205.8,01/11/2021,01/13/2021,0.05,146.3,EUR,,1/12/2021,207.3,207.3,205.2,205,1/13/2021,206.1,206.1,205.1,205.8,1/14/2021,213,213,206.3,212.1,1/15/2021,213.6,213.6,210,212.1
ROG SW Equity,6.04,BR+(UBS),long,2,12.08,3100,257,257,313.1,301.02,312,01/13/2021,01/13/2021,-0.09,-282.7,CHF,,1/14/2021,313.7,313.7,311.5,312.05,1/15/2021,316.8,316.8,309.61,316.65,1/18/2021,318,318,315.61,314.95,1/19/2021,318.95,318.95,316.45,318.2
STM IM Equity,0.841,QR+,long,2,1.68,2856,1698,1698,33.8,32.12,33.67,01/08/2021,01/13/2021,-0.08,-220.74,EUR,,1/11/2021,33.71,33.71,32.95,33.34,1/12/2021,33.91,33.91,33.75,33.63,1/13/2021,33.91,33.91,33.62,33.67,1/14/2021,34.16,34.16,34.06,33.34
STMN SW Equity,20.24,BR-(MF),short,2,40.48,3106,77,77,998.2,1038.68,1015,01/11/2021,01/13/2021,-0.42,-1293.6,CHF,,1/12/2021,1010,1010,994,1001.5,1/13/2021,1030.5,1030.5,1006.5,1015,1/14/2021,1042,1042,1015,1036.5,1/15/2021,1037,1037,1029.5,1022
TEMN SW Equity,3.755,QR++,long,2,7.51,3100,413,413,112.25,104.74,114.36,01/13/2021,01/13/2021,0.28,871.55,CHF,,1/14/2021,117.1,117.1,115.05,112.75,1/15/2021,112.25,112.25,112,108.85,1/18/2021,112.1,112.1,108.8,110.75,1/19/2021,115.1,115.1,111.8,114.45
THG LN Equity,30.35,QR+,long,2,60.7,258284,4255,4255,826,765.3,785,01/12/2021,01/13/2021,-0.68,-174455,GBp,,1/13/2021,818.5,818.5,818.5,785,1/14/2021,780,780,768,765,1/15/2021,773,773,762,740,1/18/2021,763,763,730.5,759.5
TKWY NA Equity,2.892,QR++,long,2,5.78,2865,495,495,101.5,95.72,97.09,01/13/2021,01/13/2021,-0.76,-2185.43,EUR,,1/14/2021,97.88,97.88,97.8,93.18,1/15/2021,92.86,92.86,92.86,88.78,1/18/2021,90.18,90.18,89,87.72,1/19/2021,88.74,88.74,88.48,88.48
ASC LN Equity,224.4,QR++,long,2,448.8,255960,570,570,5402,4953.2,4836,01/13/2021,01/15/2021,-1.26,-322620,GBp,,1/14/2021,5446,5446,5446,5186,1/15/2021,5180,5180,5154,4836,1/18/2021,4999,4999,4999,4823,1/19/2021,4813,4813,4813,4578
AZM IM Equity,0.317,QR+,long,2,0.63,2879,4541,4541,18.16,17.52,18.41,01/12/2021,01/15/2021,0.4,1157.95,EUR,,1/13/2021,19.05,19.05,18.405,18.915,1/14/2021,18.925,18.925,18.845,18.58,1/15/2021,18.715,18.715,18.69,18.41,1/18/2021,18.495,18.495,18.36,18.495
BAS GY Equity,1.617,BR+(MF),long,2,3.23,2865,886,886,68.03,64.8,67.29,01/13/2021,01/15/2021,-0.23,-655.64,EUR,,1/14/2021,68.41,68.41,68.12,68.1,1/15/2021,68.02,68.02,67.64,67.29,1/18/2021,67.6,67.6,66.5,67.48,1/19/2021,68.16,68.16,67.96,66.59
BOO LN Equity,11.65,"QR+, G+",long,2,23.3,256485,11008,11008,370,346.7,338.2,01/14/2021,01/15/2021,-1.36,-350054.4,GBp,,1/15/2021,355.4,355.4,353.1,338.2,1/18/2021,349,349,336.2,338.3,1/19/2021,345,345,345,325,1/20/2021,332.9,332.9,325,331.2
BOSN SW Equity,5.26,QR+,long,3,15.78,3107,197,197,191.6,175.82,196.6,01/14/2021,01/15/2021,0.32,985,CHF,,1/15/2021,201,201,198,196.6,1/18/2021,200.5,200.5,196,198.4,1/19/2021,201.5,201.5,198.6,200,1/20/2021,206,206,199,205
DPH LN Equity,89.6,QR+,long,2,179.2,256485,1431,1431,3578,3398.8,3570,01/14/2021,01/15/2021,-0.04,-11448,GBp,,1/15/2021,3610,3610,3610,3570,1/18/2021,3650,3650,3570,3644,1/19/2021,3690,3690,3680,3662,1/20/2021,3698,3698,3698,3664
DPW GY Equity,0.919,QR++,long,2,1.84,2865,1559,1159,42.05,40.21,42.7,01/13/2021,01/15/2021,0.26,753.35,EUR,,1/14/2021,43.64,43.64,42.46,43.6,1/15/2021,43.52,43.52,43.48,42.7,1/18/2021,43.67,43.67,42.44,43.31,1/19/2021,43.57,43.57,43.49,42.91
ENR GY Equity,1.345,BR+(DB),long,2,2.69,2865,1065,1065,32.19,29.5,30.63,01/13/2021,01/15/2021,-0.58,-1661.4,EUR,,1/14/2021,34.28,34.28,33.9,32.68,1/15/2021,32.07,32.07,31.12,30.63,1/18/2021,31.85,31.85,30.71,31.67,1/19/2021,32.25,32.25,32.2,31.5
FR FP Equity,1.037,QR+,long,2,2.07,2865,1381,1381,31.39,29.32,30.92,01/15/2021,01/15/2021,-0.23,-649.07,EUR,,1/18/2021,31.16,31.16,30.6,31.01,1/19/2021,31.38,31.38,31.35,30.42,1/20/2021,31.72,31.72,30.54,31.35,1/21/2021,32.34,32.34,31.56,31.96
GEBN SW Equity,9.46,QR+,long,3,28.38,3107,109,109,600,571.62,559.2,01/14/2021,01/15/2021,-1.43,-4447.2,CHF,,1/15/2021,565.6,565.6,565,559.2,1/18/2021,566,566,560.8,557,1/19/2021,561.2,561.2,560,557.4,1/20/2021,562.2,562.2,558.4,553.4
IFX GY Equity,0.8715,xr+,long,2,1.74,2856,1639,1639,33.18,31.44,33.67,01/08/2021,01/15/2021,0.28,803.11,EUR,,1/11/2021,34.455,34.455,34.295,33.55,1/12/2021,34.62,34.62,33.86,34.62,1/13/2021,35.115,35.115,34.7,34.9,1/14/2021,35.53,35.53,35.325,34.33
JMT PL Equity,0.307,Q++,long,2,0.61,2865,4666,4666,15,14.39,14.82,01/13/2021,01/15/2021,-0.29,-839.88,EUR,,1/14/2021,14.755,14.755,14.755,14.645,1/15/2021,14.94,14.94,14.54,14.82,1/18/2021,14.83,14.83,14.77,14.66,1/19/2021,14.78,14.78,14.78,14.525
KAHOOTME NO Equity,9.28,G+,long,3,27.84,29813,1071,1071,117.6,89.76,117,01/12/2021,01/15/2021,-0.02,-642.6,NOK,,1/13/2021,118,118,118,112.4,1/14/2021,117.2,117.2,113,115,1/15/2021,119.8,119.8,116,117,1/18/2021,121.8,121.8,118.8,119.4
KINDSDB SS Equity,3.466,QR+,long,2,6.93,29014,4186,4186,105.6,98.67,102.65,01/12/2021,01/15/2021,-0.43,-12348.7,SEK,,1/13/2021,106.1,106.1,104,105.9,1/14/2021,110.45,110.45,106.2,107.8,1/15/2021,107.8,107.8,107.8,102.65,1/18/2021,106.2,106.2,102.2,105.05
ORSTED DC Equity,55,QR--,short,2,110,21315,194,129,1165,1275,1171.5,01/13/2021,01/15/2021,-0.04,-838.5,DKK,,1/14/2021,1214,1214,1209,1188,1/15/2021,1207,1207,1199.5,1171.5,1/18/2021,1178,1178,1152,1163,1/19/2021,1197.5,1197.5,1174,1193.5
PAGE LN Equity,14.72,BR-(investec),short,2,29.44,255885,8692,9000,438.12,467.56,445.8,01/13/2021,01/15/2021,-0.27,-69120,GBp,,1/14/2021,450,450,440.2,448,1/15/2021,446.6,446.6,438.6,445.8,1/18/2021,450.8,450.8,432.2,445.4,1/19/2021,456,456,456,445.4
PSM GY Equity,0.3325,AH-,short,2,0.67,2865,4308,4308,13.47,14.14,13.39,01/13/2021,01/15/2021,0.12,344.64,EUR,,1/14/2021,13.555,13.555,13.305,13.505,1/15/2021,13.575,13.575,13.43,13.39,1/18/2021,13.485,13.485,13.235,13.41,1/19/2021,13.685,13.685,13.55,13.365
SAE GY Equity,6.82,QR+,long,2,13.64,2871,211,211,155.4,141.76,154.6,01/11/2021,01/15/2021,-0.06,-168.8,EUR,,1/12/2021,166.6,166.6,157.4,165.6,1/13/2021,166.6,166.6,164,165.8,1/14/2021,161.8,161.8,160,158.6,1/15/2021,160.6,160.6,160,154.6
SQN SW Equity,3.18,QR+,long,3,9.54,3107,326,326,105.8,96.26,103,01/14/2021,01/15/2021,-0.29,-912.8,CHF,,1/15/2021,104.6,104.6,104.6,103,1/18/2021,110.8,110.8,104.2,109.6,1/19/2021,110.4,110.4,109.6,107.4,1/20/2021,108.4,108.4,108.4,106.4
TSCO LN Equity,5.7,TA-,short,3,17.1,256485,14999,14999,242,259.1,241.6,01/14/2021,01/15/2021,0.02,5999.6,GBp,,1/15/2021,307.9266605,307.9266605,306.533,306.027,1/18/2021,308.5599938,308.5599938,306.66,307.673,1/19/2021,311.5999938,311.5999938,310.333,306.66,1/20/2021,308.3066605,308.3066605,306.28,306.913
UNIR IM Equity,0.636,CIR(KP),long,2,1.27,2879,2263,2304,14.52,13.25,14.54,01/13/2021,01/15/2021,0.02,46.08,EUR,,1/14/2021,15.96,15.96,15,15.06,1/15/2021,15.24,15.24,15.04,14.54,1/18/2021,14.56,14.56,14.5,14.26,1/19/2021,14.42,14.42,14.42,13.86
VWS DC Equity,58.3,XR-,short,2,116.6,21315,183,183,1408,1524.6,1363,01/13/2021,01/15/2021,0.39,8235,DKK,,1/14/2021,1463,1463,1459,1446,1/15/2021,1430,1430,1405.5,1363,1/18/2021,1386,1386,1352,1376,1/19/2021,1426.5,1426.5,1391.5,1425.5
ARL GY Equity,0.511,QR-,short,3,1.53,2898,1890,1890,19.3,20.83,20.52,01/18/2021,01/18/2021,-0.8,-2309.58,EUR,,1/19/2021,21.7,21.7,21.6,21.08,1/20/2021,21.14,21.14,21.06,21.12,1/21/2021,21.38,21.38,21.26,21.18,1/22/2021,21.2,21.2,21.2,20.3
ALQGC FP Equity,0.2915,AH+,long,2,0.58,2898,4971,4971,5.33,4.75,4.93,01/18/2021,01/19/2021,-0.69,-1988.4,EUR,,1/19/2021,5.19,5.19,5.16,4.93,1/20/2021,4.96,4.96,4.93,4.83,1/21/2021,4.955,4.955,4.83,4.83,1/22/2021,4.84,4.84,4.83,4.62
DBV FP Equity,0.8884,2dt,long,2,1.78,2898,1631,1631,8.72,6.94,12.08,01/18/2021,01/19/2021,1.89,5486.85,EUR,,1/19/2021,13.69,13.69,12,10.36,1/20/2021,11.96,11.96,10.33,11,1/21/2021,11.36,11.36,11.2,10.78,1/22/2021,10.43,10.43,10.3,9.92
EXPN LN Equity,74,QR+,long,2,148,257683,1741,1741,2789,2641,2679,01/19/2021,01/19/2021,-0.74,-191510,GBp,,1/20/2021,2694,2694,2663,2646,1/21/2021,2666,2666,2655,2643,1/22/2021,2652,2652,2636,2636,1/25/2021,2650,2650,2640,2608
LOGN SW Equity,2.6,QR++(recon),long,1.5,3.9,2900,744,590,96.56,92.66,92.45,01/19/2021,01/19/2021,-0.84,-2423.78,CHF,,1/20/2021,92.98,92.98,89.36,88.68,1/21/2021,92.5,92.5,90,91.86,1/22/2021,93.24,93.24,92.6,91.94,1/25/2021,94.82,94.82,93.5,92.4
NOBI SS Equity,1.85,QR+,long,3,5.55,29413,5300,5300,68.65,63.1,68.05,01/18/2021,01/19/2021,-0.11,-3180,SEK,,1/19/2021,70.4,70.4,70,68.05,1/20/2021,69.65,69.65,68.15,69.4,1/21/2021,70.05,70.05,69.4,68.55,1/22/2021,68.55,68.55,68.55,67.2
ORSTED DC Equity,55,-reduced,short,6,330,21315,65,65,1165,1495,1193.5,01/15/2021,01/19/2021,-0.09,-1852.5,DKK,,1/18/2021,1178,1178,1152,1163,1/19/2021,1197.5,1197.5,1174,1193.5,1/20/2021,1224.5,1224.5,1202,1224.5,1/21/2021,1255.5,1255.5,1237,1242
PGHN SW Equity,20.75,QR+,long,2,41.5,3100,75,75,1035,993.5,1050,01/15/2021,01/19/2021,0.36,1125,CHF,,1/18/2021,1063,1063,1061,1052.5,1/19/2021,1065,1065,1063,1050,1/20/2021,1070.5,1070.5,1052.5,1065,1/21/2021,1087.5,1087.5,1071,1082.5
RNO FP Equity,1.358,QR-,short,2,2.72,2881,1061,1061,35.35,38.07,34.18,01/14/2021,01/19/2021,0.43,1246.67,EUR,,1/15/2021,35.15,35.15,34.8,34.07,1/18/2021,34.815,34.815,33.73,34.63,1/19/2021,35.16,35.16,34.98,34.18,1/20/2021,35.215,35.215,34.32,34.815
CFR SW Equity,2.278,,short,2,4.56,3107,682,682,86.04,90.6,85.6,01/20/2021,01/20/2021,0.1,300.08,CHF,,1/21/2021,86.74,86.74,86.34,85.44,1/22/2021,85.92,85.92,85,85.46,1/25/2021,85.66,85.66,85.11,82.86,1/26/2021,84.22,84.22,82.76,83.72
A2A IM Equity,0.0318,AH+,long,1.25,0.04,2887,72625,72625,1.39,1.35,1.38,01/21/2021,01/21/2021,-0.21,-617.31,EUR,,1/22/2021,1.379,1.379,1.377,1.3465,1/25/2021,1.363,1.363,1.3595,1.3425,1/26/2021,1.3635,1.3635,1.34,1.3625,1/27/2021,1.379,1.379,1.367,1.3555
BOSS GY Equity,0.928,"AH+, XR+",long,1,0.93,2882,3106,3106,27.5,26.57,27.77,01/20/2021,01/21/2021,0.29,838.62,EUR,,1/21/2021,28.8,28.8,28.5,27.77,1/22/2021,27.85,27.85,27.7,27.75,1/25/2021,28.16,28.16,28,27.26,1/26/2021,29.08,29.08,27.2,28.64
DPW GY Equity,0.919,reduced,long,6,5.51,2865,520,400,42.05,36.54,43.15,01/13/2021,01/21/2021,0.15,440,EUR,,1/14/2021,43.64,43.64,42.46,43.6,1/15/2021,43.52,43.52,43.48,42.7,1/18/2021,43.67,43.67,42.44,43.31,1/19/2021,43.57,43.57,43.49,42.91
FORN SW Equity,30.2,QR+,long,3,90.6,3121,34,34,1554,1463.4,1576,01/18/2021,01/21/2021,0.24,748,CHF,,1/19/2021,1608,1608,1608,1572,1/20/2021,1588,1588,1578,1576,1/21/2021,1612,1612,1584,1592,1/22/2021,1598,1598,1594,1580
ONTEX BB Equity,0.255,reduce,short,3,0.77,2887,3774,3774,10.32,11.09,9.66,01/21/2021,01/21/2021,0.86,2490.84,EUR,,1/22/2021,9.555,9.555,9.51,9.27,1/25/2021,9.37,9.37,9.315,9.245,1/26/2021,9.5,9.5,9.305,9.27,1/27/2021,9.805,9.805,9.3,9.36
RIO LN Equity,187.6,sales,long,3,562.8,257683,458,458,6024,5461.2,5924,01/19/2021,01/21/2021,-0.18,-45800,GBp,,1/20/2021,6047,6047,5960,6034,1/21/2021,6075,6075,6070,5924,1/22/2021,5907,5907,5901,5876,1/25/2021,5982,5982,5917,5877
SZG GY Equity,0.917,BR--(CS),short,2,1.83,2898,1580,1580,21.06,22.89,23.1,01/18/2021,01/21/2021,-1.11,-3223.2,EUR,,1/19/2021,22,22,21.52,21.37,1/20/2021,21.93,21.93,21.32,21.29,1/21/2021,22.53,22.53,21.41,22.08,1/22/2021,23.23,23.23,22.45,21.87
BAS GY Equity,1.59,QR+,long,2,3.18,2882,906,906,67.3,64.12,66.28,01/20/2021,01/22/2021,-0.32,-924.12,EUR,,1/21/2021,68.08,68.08,67.75,67.33,1/22/2021,66.72,66.72,66.7,66.28,1/25/2021,67.04,67.04,66.67,64.53,1/26/2021,65.89,65.89,64.65,65.24
DLG GY Equity,1.458,QR+,long,2,2.92,2448,839,839,46.5,43.58,53.34,01/05/2021,01/22/2021,2.34,5738.76,EUR,,1/6/2021,46.98,46.98,46.78,46.08,1/7/2021,46.1,46.1,46,45.7,1/8/2021,47.7,47.7,47.7,46.38,1/11/2021,46.6,46.6,46.27,46.16
GFG GY Equity,0.4434,BR+(GS),long,2,0.89,2882,3250,3250,12.5,11.61,12.88,01/20/2021,01/22/2021,0.43,1241.5,EUR,,1/21/2021,12.786,12.786,12.7,12.536,1/22/2021,12.926,12.926,12.55,12.882,1/25/2021,12.914,12.914,12.908,12.2,1/26/2021,12.39,12.39,12.2,11.724
LOGN SW Equity,4.158,QR+,long,2,8.32,3107,374,374,92.47,84.15,91.94,01/20/2021,01/22/2021,-0.06,-197.51,CHF,,1/21/2021,92.5,92.5,90,91.86,1/22/2021,93.24,93.24,92.6,91.94,1/25/2021,94.82,94.82,93.5,92.4,1/26/2021,92.72,92.72,92.1,90.9
MC FP Equity,11.15,XR+,long,1.5,16.73,2882,172,172,492.54,475.82,511.5,01/20/2021,01/22/2021,1.13,3261.12,EUR,,1/21/2021,512.3,512.3,510.9,507.6,1/22/2021,512.1,512.1,507,511.5,1/25/2021,514.5,514.5,513.3,501.9,1/26/2021,513.5,513.5,500.5,508
PSM GY Equity,0.3945,BR-(BOA),short,2,0.79,2882,3653,3653,13.39,14.18,14.27,01/20/2021,01/22/2021,-1.11,-3194.18,EUR,,1/21/2021,14.05,14.05,13.515,13.76,1/22/2021,14.565,14.565,14.02,14.4,1/25/2021,14.595,14.595,14.55,13.78,1/26/2021,14.265,14.265,13.85,14.2
SAE GY Equity,9.12,XR+,long,1.3,11.86,2887,243,243,186,174.14,196.4,01/21/2021,01/22/2021,0.88,2527.2,EUR,,1/22/2021,196.8,196.8,193.8,196.4,1/25/2021,203,203,195.6,200,1/26/2021,204.5,204.5,199.4,202,1/27/2021,203,203,201,187
SGE LN Equity,15.42,QR+,long,2,30.84,257683,8355,8355,603.66,572.82,607,01/21/2021,01/22/2021,0.11,27905.7,GBp,,1/22/2021,610.2,610.2,602,607,1/25/2021,624.2,624.2,620.8,610.8,1/26/2021,614.8,614.8,612.2,610.4,1/27/2021,620.6,620.6,613.8,618.6
SLR SM Equity,1.812,BR--(SG),short,1,1.81,2887,1593,1593,25.68,27.49,26.3,01/22/2021,01/22/2021,-0.34,-987.66,EUR,,1/25/2021,26.8,26.8,26.26,25.2,1/26/2021,25.62,25.62,25.02,23.3,1/27/2021,23.42,23.42,23.3,20.78,1/28/2021,22.26,22.26,20.16,21.5
SY1 GY Equity,2.2,"BR--(MS, SG)",short,2,4.4,2898,659,659,98.58,102.98,101.15,01/18/2021,01/22/2021,-0.58,-1693.63,EUR,,1/19/2021,101.65,101.65,100.4,101,1/20/2021,101.75,101.75,100.9,100.3,1/21/2021,101.45,101.45,100.6,101.3,1/22/2021,101.15,101.15,100.95,101.15
NEL NO Equity,2.092,BR+(citi),long,1,2.09,29636,14166,14166,32.7,30.61,33.1,01/22/2021,01/26/2021,0.19,5666.4,NOK,,1/25/2021,33.87,33.87,33.62,33.76,1/26/2021,34.03,34.03,33.1,33.75,1/27/2021,34.96,34.96,33.86,31.06,1/28/2021,31.54,31.54,30.9,31.2
EVT GY Equity,1.89,AH-,short,4,7.56,2875,380,380,39.2,46.76,36.42,01/27/2021,01/27/2021,0.37,1058,EUR,,1/28/2021,37.72,37.72,33.19,37.07,1/29/2021,35.81,35.81,35,32.5,2/1/2021,34.18,34.18,32.21,32.89,2/2/2021,33.9,33.9,32.61,32.1
EVT GY Equity,1.89,,long,2,3.78,2880,762,1023,34.92,31.14,35.02,01/27/2021,01/27/2021,0.04,102.3,EUR,,1/28/2021,37.72,37.72,33.19,37.07,1/29/2021,35.81,35.81,35,32.5,2/1/2021,34.18,34.18,32.21,32.89,2/2/2021,33.9,33.9,32.61,32.1
SOW GY Equity,0.67,QR-,short,2,1.34,2880,2149,2149,33.54,34.88,35.89,01/27/2021,01/27/2021,-1.75,-5050.15,EUR,,1/28/2021,35.7,35.7,35.6,34.6,1/29/2021,34.72,34.72,34.24,33.46,2/1/2021,35.22,35.22,33.76,34.94,2/2/2021,36.32,36.32,35.28,36.26
STM IM Equity,0.823,REDUCE,long,2,1.65,2875,1747,1794,33.15,31.5,31.63,01/27/2021,01/27/2021,-0.95,-2733.34,EUR,,1/28/2021,33.69,33.69,31.17,33.01,1/29/2021,33.67,33.67,33,33.27,2/1/2021,33.99,33.99,33.62,33.94,2/2/2021,34.47,34.47,34.15,33.93
URW NA Equity,3.824,,short,2,7.65,2880,377,377,67.49,75.13,69.68,01/27/2021,01/27/2021,-0.29,-826.08,EUR,,1/28/2021,72.46,72.46,68,70.84,1/29/2021,70.62,70.62,68.6,69.5,2/1/2021,69.18,69.18,68,66.5,2/2/2021,67.42,67.42,66.3,65.9
GJF NO Equity,2.81,QR+,long,2,5.62,29636,5273,5273,204,198.38,195.45,01/22/2021,01/28/2021,-1.52,-45058.84,NOK,,1/25/2021,212,212,206.8,204,1/26/2021,205.6,205.6,203,203.2,1/27/2021,202.6,202.6,201.2,197.4,1/28/2021,201.6,201.6,197,200.4
NOKIA FH Equity,0.266,TA,short,2,0.53,2887,5427,5427,4.4,4.93,4.74,01/28/2021,01/28/2021,-0.65,-1870.69,EUR,,1/29/2021,4.246,4.246,3.9345,3.964,2/1/2021,4.0775,4.0775,3.9,3.9495,2/2/2021,4.01,4.01,3.9495,3.74,2/3/2021,3.877,3.877,3.7485,3.787
ASML NA Equity,11.315,splc+,long,2,22.63,2898,128,128,432.5,409.87,439.45,01/18/2021,01/29/2021,0.31,889.6,EUR,,1/19/2021,444.85,444.85,442.65,439.9,1/20/2021,461.3,461.3,448,453.15,1/21/2021,475.15,475.15,458.6,470.55,1/22/2021,468.95,468.95,464.15,462.9
ELIOR FP Equity,0.299,QR-,short,2,0.6,2880,4816,4816,5.53,6.13,5.21,01/28/2021,01/29/2021,0.54,1565.2,EUR,,1/29/2021,5.28,5.28,5.18,5.205,2/1/2021,5.24,5.24,5.24,5.155,2/2/2021,5.4,5.4,5.2,5.33,2/3/2021,5.44,5.44,5.38,5.31
EVT GY Equity,1.89,TA,long,2,3.78,2880,762,1000,34.92,31.14,32.5,01/27/2021,01/29/2021,-0.84,-2420,EUR,,1/28/2021,37.72,37.72,33.19,37.07,1/29/2021,35.81,35.81,35,32.5,2/1/2021,34.18,34.18,32.21,32.89,2/2/2021,33.9,33.9,32.61,32.1
HDD GY Equity,0.0994,QR-,short,2,0.2,2875,14464,14464,1.2,1.4,1.31,01/26/2021,01/29/2021,-0.55,-1576.58,EUR,,1/27/2021,1.286,1.286,1.254,1.219,1/28/2021,1.322,1.322,1.21,1.299,1/29/2021,1.333,1.333,1.278,1.309,2/1/2021,1.299,1.299,1.299,1.13
INRN SW Equity,104,2dt,long,1.5,156,3104,20,20,2820,2664,2935,01/27/2021,01/29/2021,0.74,2300,CHF,,1/28/2021,2950,2950,2855,2905,1/29/2021,2945,2945,2900,2935,2/1/2021,2975,2975,2925,2935,2/2/2021,3050,3050,2920,3040
KOMN SW Equity,6.4,QR+,long,2,12.8,3099,242,242,198.26,185.46,228.4,01/26/2021,01/29/2021,2.35,7293.37,CHF,,1/27/2021,219.8,219.8,209.2,212,1/28/2021,220,220,210,219.4,1/29/2021,229.8,229.8,220,228.4,2/1/2021,238,238,228.8,231.2
MC FP Equity,11.1,CIR+,long,2,22.2,2875,130,130,508,485.8,498.3,01/26/2021,01/29/2021,-0.44,-1261,EUR,,1/27/2021,518,518,515,506.4,1/28/2021,517.1,517.1,504,517,1/29/2021,510.6,510.6,507.5,498.3,2/1/2021,509.6,509.6,505,507.7
ONTEX BB Equity,0.255,BR-(GS),short,3,0.77,2887,3774,3773,10.32,11.09,9.37,01/21/2021,01/29/2021,1.25,3603.22,EUR,,1/22/2021,9.555,9.555,9.51,9.27,1/25/2021,9.37,9.37,9.315,9.245,1/26/2021,9.5,9.5,9.305,9.27,1/27/2021,9.805,9.805,9.3,9.36
PNL NA Equity,0.0844,QR+,long,2,0.17,2887,17102,17102,3.3,3.13,3.41,01/21/2021,01/29/2021,0.62,1795.71,EUR,,1/22/2021,3.411,3.411,3.34,3.4,1/25/2021,3.5,3.5,3.423,3.436,1/26/2021,3.47,3.47,3.441,3.439,1/27/2021,3.444,3.444,3.44,3.245
RMS FP Equity,14.58,XR+,long,2,29.16,2880,99,99,873.31,844.15,842.6,01/27/2021,01/29/2021,-1.06,-3040.59,EUR,,1/28/2021,863.6,863.6,849.8,861.6,1/29/2021,853.4,853.4,853.4,842.6,2/1/2021,856.4,856.4,850,854.2,2/2/2021,884.8,884.8,860.6,884.8
UBSG SW Equity,0.2395,QR+,long,2,0.48,3099,6469,6469,13.28,12.8,12.88,01/26/2021,01/29/2021,-0.85,-2619.94,CHF,,1/27/2021,13.25,13.25,13.25,13.075,1/28/2021,13.33,13.33,12.995,13.28,1/29/2021,13.17,13.17,13.11,12.875,2/1/2021,13.085,13.085,12.93,13.07
VAR1 GY Equity,9.23,TA,long,1.5,13.85,2880,208,245,158.98,145.14,147.2,01/27/2021,01/29/2021,-1,-2886.1,EUR,,1/28/2021,181.3,181.3,145,181.3,1/29/2021,176.8,176.8,171,147.2,2/1/2021,147.8,147.8,146.7,135.4,2/2/2021,141.1,141.1,134,136.7
ASC LN Equity,284,BR+(BOA),long,2,568,217849,384,384,5046.91,4478.91,5772,02/09/2021,02/19/2021,1.28,278434.56,GBp,,2/10/2021,5050,5050,5000,4916,2/11/2021,5062,5062,5030,5062,2/12/2021,5310,5310,5100,5300,2/15/2021,5604,5604,5310,5496
DAI GY Equity,2.117,AH+,long,1,2.12,2492,1177,1177,60.59,58.47,67.22,02/03/2021,02/19/2021,3.13,7803.51,EUR,,2/4/2021,66.15,66.15,64.88,65.9,2/5/2021,67.11,67.11,65.99,66.99,2/8/2021,67.44,67.44,67,66.4,2/9/2021,66.25,66.25,66.11,65.8
GXH1 Index,253.1,HEDGE,short,1,253.1,2887,11,25,13531,13784.1,13998,02/01/2021,02/19/2021,-4.04,-11675,EUR,,2/2/2021,13876,13876,13645,13825,2/3/2021,13983,13983,13881,13916,2/4/2021,14061,14061,13960,14044,2/5/2021,14105,14105,14049,14041
HLAG GY Equity,4.14,QR+,long,2,8.28,2472,299,299,110.46,102.18,124.2,02/16/2021,02/19/2021,1.66,4107.36,EUR,,2/17/2021,123.8,123.8,123.4,120.6,2/18/2021,121.4,121.4,121.2,116.4,2/19/2021,125.8,125.8,116.6,124.2,2/22/2021,130,130,130,120.4
LHA GY Equity,0.3295,reduce,short,3,0.9885,2479,2479,2500,10.73,11.7185,10.82,02/19/2021,02/19/2021,-0.09,-225.25,EUR,,2/22/2021,11.42,11.42,11.05,11.42,2/23/2021,12.175,12.175,11.55,11.66,2/24/2021,12.11,12.11,11.68,12.07,2/25/2021,12.47,12.47,12.25,12.07
RXL FP Equity,0.409,QR+,long,2,0.82,2474,3024,3024,14.04,13.22,15.56,02/11/2021,02/19/2021,1.86,4596.48,EUR,,2/12/2021,15.165,15.165,14.505,15.155,2/15/2021,15.6,15.6,15.28,15.6,2/16/2021,15.81,15.81,15.565,15.54,2/17/2021,15.825,15.825,15.605,15.51
SHL GY Equity,0.8245,QR+,long,4,3.3,2880,873,874,45.36,42.06,46.8,01/27/2021,02/19/2021,0.44,1258.56,EUR,,1/28/2021,46.23,46.23,45.5,46.185,1/29/2021,46.505,46.505,45.975,46.28,2/1/2021,47.47,47.47,46.64,47.07,2/2/2021,48.115,48.115,47.5,48.115
DAI GY Equity,2.133,QR+,long,1.5,3.2,2891,904,904,56.89,53.69,67.22,01/29/2021,02/19/2021,3.23,9338.32,EUR,,2/1/2021,58.81,58.81,58.8,58.39,2/2/2021,60.22,60.22,58.9,59.28,2/3/2021,65,65,60.59,64.56,2/4/2021,66.15,66.15,64.88,65.9
SIE GY Equity,1.98,QR+,long,3,5.94,2887,486,486,130.18,124.24,132.48,01/22/2021,02/19/2021,0.39,1120.13,EUR,,1/25/2021,133.26,133.26,132.72,128.36,1/26/2021,131.78,131.78,128.58,130.66,1/27/2021,132.9,132.9,131.1,129.34,1/28/2021,130.06,130.06,128.7,129.72
LHA GY Equity,0.3295,AH-,short,3,0.99,2479,2507,2515,10.73,11.72,11.42,02/19/2021,02/22/2021,-0.7,-1735.35,EUR,,2/22/2021,11.42,11.42,11.05,11.42,2/23/2021,12.175,12.175,11.55,11.66,2/24/2021,12.11,12.11,11.68,12.07,2/25/2021,12.47,12.47,12.25,12.07
VGH1 Equity,43.6,hedge,short,2,87.2,2476,28,40,3692,3779.2,3701,02/23/2021,02/23/2021,-0.15,-360,EUR,,2/24/2021,3715,3715,3683,3702,2/25/2021,3727,3727,3715,3688,2/26/2021,3673,3673,3639,3627,3/1/2021,3713,3713,3660,3701
AENA SM Equity,3.1,BR+(MF),long,3,9.3,2476,266,266,130.7,121.4,142.8,02/22/2021,02/25/2021,1.3,3218.6,EUR,,2/23/2021,142.7,142.7,137,141.5,2/24/2021,145.3,145.3,143.1,144.2,2/25/2021,149.6,149.6,146.6,142.8,2/26/2021,143.2,143.2,140.3,140.9
AENA SM Equity,3.1,x2,long,3,9.3,2476,266,266,139.91,130.61,142.8,02/23/2021,02/25/2021,0.31,768.1,EUR,,2/24/2021,145.3,145.3,143.1,144.2,2/25/2021,149.6,149.6,146.6,142.8,2/26/2021,143.2,143.2,140.3,140.9,3/1/2021,142.3,142.3,141.4,141.1
AGS BB Equity,0.858,QR-,short,2,1.72,2468,1438,1438,47.14,48.86,46.84,02/24/2021,02/25/2021,0.17,431.4,EUR,,2/25/2021,47.13,47.13,46.83,46.84,2/26/2021,46.71,46.71,46.04,46.46,3/1/2021,48.3,48.3,47.1,48.17,3/2/2021,48.88,48.88,47.98,48.83
BSGR NA Equity,0.279,QR+,long,3,0.84,2476,2958,2958,8.01,7.17,8.3,02/22/2021,02/25/2021,0.35,857.82,EUR,,2/23/2021,8.3,8.3,7.95,8.07,2/24/2021,8.3,8.3,8.06,8.3,2/25/2021,8.44,8.44,8.27,8.3,2/26/2021,8.44,8.44,8.1,8.18
CCAP GY Equity,0.496,QR-,short,3,1.49,2468,1659,1659,14.14,15.63,13.82,02/24/2021,02/25/2021,0.22,530.88,EUR,,2/25/2021,13.98,13.98,13.21,13.82,2/26/2021,13.98,13.98,13.98,13.72,3/1/2021,14.15,14.15,13.8,13.88,3/2/2021,14.48,14.48,14,14.38
EL FP Equity,3.305,BR-(MF),short,2,6.61,2060,312,312,138.05,144.66,137.5,02/17/2021,02/25/2021,0.08,171.6,EUR,,2/18/2021,139.6,139.6,137,137.45,2/19/2021,138.25,138.25,137.85,136.45,2/22/2021,137.2,137.2,135.65,136.95,2/23/2021,137.05,137.05,136.5,136.45
ELE SM Equity,0.374,BR++(CS),long,2,0.75,2487,3325,3325,22,21.25,20.7,02/18/2021,02/25/2021,-1.74,-4322.5,EUR,,2/19/2021,21.93,21.93,21.75,21.71,2/22/2021,21.74,21.74,21.7,21.38,2/23/2021,21.57,21.57,21.47,21.57,2/24/2021,22.29,22.29,22.17,21.22
ELE SM Equity,0.428,BR+(GS),long,2,0.86,2473,2889,2889,21.56,20.7,20.7,02/10/2021,02/25/2021,-1,-2479.92,EUR,,2/11/2021,21.72,21.72,21.72,21.46,2/12/2021,21.93,21.93,21.49,21.93,2/15/2021,21.95,21.95,21.95,21.83,2/16/2021,21.89,21.89,21.89,21.64
EMBRACB SS Equity,11.26,QR+,long,2,22.52,24993,1110,1110,254,231.48,230.8,02/18/2021,02/25/2021,-1.03,-25752,SEK,,2/19/2021,257.8,257.8,249.4,255,2/22/2021,256.9,256.9,256.8,249.1,2/23/2021,248.4,248.4,248,235.5,2/24/2021,239.9,239.9,235,231.5
ENR GY Equity,0.966,BR+(DB),long,2,1.93,2060,1066,1066,32.59,30.66,30.48,02/17/2021,02/25/2021,-1.09,-2249.26,EUR,,2/18/2021,33.63,33.63,33,32.51,2/19/2021,32.97,32.97,32.5,32.32,2/22/2021,32.2,32.2,32.2,31.43,2/23/2021,32,32,31.53,30.32
FP FP Equity,0.96,QR+,long,2,1.92,2484,1294,1294,36.17,34.25,39.46,02/09/2021,02/25/2021,1.71,4246.13,EUR,,2/10/2021,34.89,34.89,34.765,34.745,2/11/2021,34.89,34.89,34.76,34.64,2/12/2021,35.055,35.055,34.53,34.975,2/15/2021,36.54,36.54,35.6,36.54
MT NA Equity,0.714,AH+,long,2,1.43,2471,1731,1731,19.16,17.73,20.2,02/15/2021,02/25/2021,0.73,1795.05,EUR,,2/16/2021,19.824,19.824,19.6,19.764,2/17/2021,20.115,20.115,19.788,19.584,2/18/2021,19.87,19.87,19.578,19.038,2/19/2021,19.824,19.824,19.066,19.772
NEX FP Equity,1.615,"AH+, 2dt",long,2,3.23,2487,770,770,71.05,67.82,62.65,02/18/2021,02/25/2021,-2.6,-6468,EUR,,2/19/2021,68,68,67.6,65.85,2/22/2021,67.25,67.25,66,66.7,2/23/2021,67.85,67.85,67.4,62.6,2/24/2021,64.9,64.9,63.4,62.65
NKT DC Equity,9.78,QR-,short,3,29.34,18360,626,626,248,277.34,244,02/24/2021,02/25/2021,0.14,2504,DKK,,2/25/2021,255.6,255.6,248,244,2/26/2021,243.4,243.4,237,240.4,3/1/2021,248,248,243.2,239.6,3/2/2021,241.2,241.2,240.2,237.8
REP SM Equity,0.2936,QR+,long,2,0.59,2487,4235,4235,9.5,8.91,10.62,02/18/2021,02/25/2021,1.91,4743.2,EUR,,2/19/2021,9.964,9.964,9.486,9.94,2/22/2021,10.21,10.21,9.91,10.15,2/23/2021,10.4,10.4,10.19,10.145,2/24/2021,10.325,10.325,10.225,10.32
RWE GY Equity,0.935,PW-,long,2,1.87,2479,1325,1325,31.7,29.83,31.3,02/19/2021,02/25/2021,-0.21,-530,EUR,,2/22/2021,32.5,32.5,32.46,31.73,2/23/2021,32.05,32.05,31.9,31.54,2/24/2021,31.88,31.88,31.55,31.52,2/25/2021,31.83,31.83,31.83,31.3
UTDI GY Equity,0.733,AH+,long,2,1.47,2491,1699,1699,38.8,37.33,36.97,02/08/2021,02/25/2021,-1.25,-3109.17,EUR,,2/9/2021,38.5,38.5,38.43,37.54,2/10/2021,37.71,37.71,37.67,37.58,2/11/2021,38.46,38.46,37.65,38.1,2/12/2021,38.08,38.08,38.08,37.89
VAR1 GY Equity,5.96,QR-,short,3,17.88,2487,139,139,142.46,160.34,115.8,02/18/2021,02/25/2021,1.49,3705.25,EUR,,2/19/2021,134.6,134.6,134.2,131.3,2/22/2021,124.6,124.6,122.9,117.3,2/23/2021,118.7,118.7,115,113.6,2/24/2021,119.4,119.4,115.4,114.8
VAR1 GY Equity,5.96,x2,short,3,17.88,2479,139,139,126.9,144.78,115.8,02/19/2021,02/25/2021,0.62,1542.9,EUR,,2/22/2021,124.6,124.6,122.9,117.3,2/23/2021,118.7,118.7,115,113.6,2/24/2021,119.4,119.4,115.4,114.8,2/25/2021,122.9,122.9,118,115.8
CGIX US Equity,0.72,10ATR,long,2,1.44,1200,833.33,831,16.28,14.84,15.25,02/10/2021,02/10/2021,-0.71,-855.93,USD,,2/11/2021,7.7,7.7,7,7.04,2/12/2021,7.03,7.03,6.9389,6.72,2/16/2021,7.2,7.2,7.0116,7.18,2/17/2021,6.95,6.95,6.863,6.55
CGIX US Equity,0.72,10ATR,long,3,2.16,1200,555.56,554,16.3,14.14,14.08,02/10/2021,02/10/2021,-1.02,-1229.88,USD,,2/11/2021,7.7,7.7,7,7.04,2/12/2021,7.03,7.03,6.9389,6.72,2/16/2021,7.2,7.2,7.0116,7.18,2/17/2021,6.95,6.95,6.863,6.55
CLPS US Equity,0.3,10ATR,short,2,0.6,1200,2006.69,1337,13.43,14.03,16.01,02/17/2021,02/17/2021,-2.87,-3449.46,USD,,2/18/2021,9.8,9.8,9.44,9.3,2/19/2021,9.7,9.7,9.42,8.21,2/22/2021,8.36,8.36,8,7.66,2/23/2021,7.56,7.56,7.47,6.76
CLPS US Equity,0.26,10ATR,long,2,0.51,800,1556.42,1337,13.15,12.64,13.06,02/17/2021,02/17/2021,-0.16,-124.47,USD,,2/18/2021,9.8,9.8,9.44,9.3,2/19/2021,9.7,9.7,9.42,8.21,2/22/2021,8.36,8.36,8,7.66,2/23/2021,7.56,7.56,7.47,6.76
PETZ US Equity,0.25,10ATR,short,2,0.5,800,1589.83,1285,8.66,9.16,8.5,02/17/2021,02/17/2021,0.26,209.46,USD,,2/18/2021,4.6392,4.6392,4.475,3.65,2/19/2021,4.1,4.1,3.6,3.6,2/22/2021,3.5399,3.5399,3.45,3.1,2/23/2021,3.03,3.03,2.92,2.62
LODE US Equity,0.62,10ATR,long,2,1.25,800,641.19,1105,9.74,8.49,8.59,02/17/2021,02/17/2021,-1.59,-1271.74,USD,,2/18/2021,5.47,5.47,5.45,4.55,2/19/2021,6.29,6.29,5.01,5.67,2/22/2021,6.1,6.1,5.69,5.44,2/23/2021,6.35,6.35,5.13,6.34
DOGZ US Equity,0.15,10ATR,long,2,0.29,800,2752.17,2678,3.71,3.42,3.41,02/17/2021,02/17/2021,-1.02,-815.72,USD,,2/18/2021,2.71,2.71,2.52,2.51,2/19/2021,2.6,2.6,2.53,2.4,2/22/2021,2.53,2.53,2.39,2.48,2/23/2021,2.24,2.24,2.22,2.09
DOGZ US Equity,0.15,10ATR,long,2,0.29,800,2752.17,2678,3.77,3.48,3.4,02/17/2021,02/17/2021,-1.25,-1003.71,USD,,2/18/2021,2.71,2.71,2.52,2.51,2/19/2021,2.6,2.6,2.53,2.4,2/22/2021,2.53,2.53,2.39,2.48,2/23/2021,2.24,2.24,2.22,2.09
ALJJ US Equity,0.08,10ATR,short,2,0.16,1200,7317.07,7317,2.33,2.49,2.24,02/16/2021,02/16/2021,0.55,664.38,USD,,2/17/2021,1.87,1.87,1.7,1.82,2/18/2021,1.8,1.8,1.76,1.69,2/19/2021,1.73,1.73,1.67,1.61,2/22/2021,1.75,1.75,1.6,1.63
ALJJ US Equity,0.08,10ATR,short,2,0.16,1200,7317.07,7317,2.06,2.23,2.25,02/16/2021,02/16/2021,-1.13,-1355.84,USD,,2/17/2021,1.87,1.87,1.7,1.82,2/18/2021,1.8,1.8,1.76,1.69,2/19/2021,1.73,1.73,1.67,1.61,2/22/2021,1.75,1.75,1.6,1.63
ALJJ US Equity,0.08,10ATR,short,2,0.16,1200,7317.07,7317,2.43,2.6,2.46,02/16/2021,02/16/2021,-0.16,-188.05,USD,,2/17/2021,1.87,1.87,1.7,1.82,2/18/2021,1.8,1.8,1.76,1.69,2/19/2021,1.73,1.73,1.67,1.61,2/22/2021,1.75,1.75,1.6,1.63
SCKT US Equity,2.53,10ATR,short,1,2.53,1400,553.56,237,22.85,25.38,24.64,02/16/2021,02/16/2021,-0.3,-423.8,USD,,2/17/2021,17.44,17.44,15.7,13.05,2/18/2021,15.8,15.8,12.18,13.79,2/19/2021,13.79,13.79,13.5335,12.22,2/22/2021,12.62,12.62,11.85,11.1
AKU US Equity,0.1,10ATR,short,2,0.21,1200,5741.63,3677,4.02,4.23,3.74,02/17/2021,02/17/2021,0.84,1008.97,USD,,2/18/2021,3.75,3.75,3.57,3.63,2/19/2021,3.74,3.74,3.62,3.72,2/22/2021,3.77,3.77,3.64,3.59,2/23/2021,3.57,3.57,3.55,3.5
ONCY US Equity,0.19,10ATR,short,2,0.38,1200,3126.79,1861,4.66,5.04,3.82,02/17/2021,02/17/2021,1.3,1562.31,USD,,2/18/2021,3.76,3.76,3.72,3.5,2/19/2021,3.504,3.504,3.5,3.39,2/22/2021,3.48,3.48,3.3671,3.3,2/23/2021,3.75,3.75,3.43,3.73
SCKT US Equity,2.53,10ATR,short,1.5,3.79,1200,316.32,237,21.63,25.42,25.57,02/16/2021,02/16/2021,-0.78,-933.78,USD,,2/17/2021,17.44,17.44,15.7,13.05,2/18/2021,15.8,15.8,12.18,13.79,2/19/2021,13.79,13.79,13.5335,12.22,2/22/2021,12.62,12.62,11.85,11.1
SCKT US Equity,0.24,10ATR,short,3,0.72,1200,1666.67,1635,11.21,11.93,11.17,02/16/2021,02/16/2021,0.06,72.43,USD,,2/17/2021,17.44,17.44,15.7,13.05,2/18/2021,15.8,15.8,12.18,13.79,2/19/2021,13.79,13.79,13.5335,12.22,2/22/2021,12.62,12.62,11.85,11.1
SCKT US Equity,2.53,10ATR,short,1,2.53,800,316.21,316,21.33,23.86,24.64,02/16/2021,02/16/2021,-1.31,-1045.39,USD,,2/17/2021,17.44,17.44,15.7,13.05,2/18/2021,15.8,15.8,12.18,13.79,2/19/2021,13.79,13.79,13.5335,12.22,2/22/2021,12.62,12.62,11.85,11.1
CLEU US Equity,0.42,10ATR,long,2,0.84,1200,1429.73,1430,7.19,6.35,7.28,02/12/2021,02/12/2021,0.1,125.11,USD,,2/16/2021,5.75,5.75,5.3,5.2,2/17/2021,5.15,5.15,5.06,4.59,2/18/2021,5.1,5.1,4.51,4.72,2/19/2021,4.93,4.93,4.87,4.53
CLEU US Equity,0.42,10ATR,long,2,0.84,1200,1428.57,1430,7.76,6.92,6.92,02/12/2021,02/12/2021,-1,-1205.75,USD,,2/16/2021,5.75,5.75,5.3,5.2,2/17/2021,5.15,5.15,5.06,4.59,2/18/2021,5.1,5.1,4.51,4.72,2/19/2021,4.93,4.93,4.87,4.53
RCMT US Equity,1.22,10ATR,long,1,1.22,1200,980.47,490,7.9,6.67,6.61,02/11/2021,02/11/2021,-0.52,-629.31,USD,,2/12/2021,6.4999,6.4999,5.5975,5.94,2/16/2021,5.75,5.75,5.7,5.2,2/17/2021,5.29,5.29,4.87,5.25,2/18/2021,5.0994,5.0994,5.05,4.91
RCMT US Equity,1.22,10ATR,short,2,2.45,1200,490.6,1648,7.9,10.35,7.49,02/10/2021,02/10/2021,0.56,677.16,USD,,2/11/2021,12.49,12.49,9.895,6.1,2/12/2021,6.4999,6.4999,5.5975,5.94,2/16/2021,5.75,5.75,5.7,5.2,2/17/2021,5.29,5.29,4.87,5.25
SNDL US Equity,0.4,AH-,short,2,0.8,1200,1500,1403,3.95,4.75,3.12,02/10/2021,02/10/2021,0.97,1164.49,USD,,2/11/2021,3.96,3.96,3.96,2.38,2/12/2021,2.3,2.3,1.93,2.08,2/16/2021,2.25,2.25,2.24,2.19,2/17/2021,1.96,1.96,1.94,1.72
RCMT US Equity,0.36,AH+,short,2,0.73,1200,1648.94,1648,9.1,9.83,10.45,02/11/2021,02/11/2021,-1.85,-2218.87,USD,,2/12/2021,6.4999,6.4999,5.5975,5.94,2/16/2021,5.75,5.75,5.7,5.2,2/17/2021,5.29,5.29,4.87,5.25,2/18/2021,5.0994,5.0994,5.05,4.91
RCMT US Equity,0.36,10ATR-PRE,short,2,0.73,1200,1648.94,1649,6.87,7.6,7.46,02/11/2021,02/11/2021,-0.81,-971.92,USD,,2/12/2021,6.4999,6.4999,5.5975,5.94,2/16/2021,5.75,5.75,5.7,5.2,2/17/2021,5.29,5.29,4.87,5.25,2/18/2021,5.0994,5.0994,5.05,4.91
BPTH US Equity,0.39,10ATR,short,3,1.17,1200,1025.64,824,18.21,19.38,18.15,02/10/2021,02/10/2021,0.04,49.44,USD,,2/11/2021,11.48,11.48,11.4,9.5,2/12/2021,9.3994,9.3994,9.09,8.93,2/16/2021,8.04,8.04,7.96,7.6,2/17/2021,7.59,7.59,7.54,7.06
BPTH US Equity,0.39,10ATR,long,3,1.17,1200,1025.64,1025,20.19,19.02,19.87,02/10/2021,02/10/2021,-0.28,-333.84,USD,,2/11/2021,11.48,11.48,11.4,9.5,2/12/2021,9.3994,9.3994,9.09,8.93,2/16/2021,8.04,8.04,7.96,7.6,2/17/2021,7.59,7.59,7.54,7.06
BPTH US Equity,0.39,10ATR,short,3,1.17,1200,1025.64,1025,18.23,19.4,17.29,02/10/2021,02/10/2021,0.8,965.75,USD,,2/11/2021,11.48,11.48,11.4,9.5,2/12/2021,9.3994,9.3994,9.09,8.93,2/16/2021,8.04,8.04,7.96,7.6,2/17/2021,7.59,7.59,7.54,7.06
BPTH US Equity,0.39,10ATR,short,3,1.17,1200,1025.64,1554,21.19,22.36,19.53,02/10/2021,02/10/2021,2.15,2579.64,USD,,2/11/2021,11.48,11.48,11.4,9.5,2/12/2021,9.3994,9.3994,9.09,8.93,2/16/2021,8.04,8.04,7.96,7.6,2/17/2021,7.59,7.59,7.54,7.06
BPTH US Equity,1.74,AH+,long,2,3.48,1200,344.83,350,23.31,19.83,19.4,02/10/2021,02/10/2021,-1.14,-1368.5,USD,,2/11/2021,11.48,11.48,11.4,9.5,2/12/2021,9.3994,9.3994,9.09,8.93,2/16/2021,8.04,8.04,7.96,7.6,2/17/2021,7.59,7.59,7.54,7.06
CHCI US Equity,0.28,10ATR,long,2,0.57,1200,2118.05,1412,13,12.43,12.49,02/09/2021,02/09/2021,-0.61,-726.05,USD,,2/10/2021,7.02,7.02,6.9,6.62,2/11/2021,7.42,7.42,7.35,6.54,2/12/2021,6.69,6.69,6.2,6.69,2/16/2021,6.6992,6.6992,6.6992,6.29
CHCI US Equity,0.28,10ATR,short,2,0.56,1200,2142.86,1412,13.37,13.93,13.64,02/09/2021,02/09/2021,-0.32,-384.06,USD,,2/10/2021,7.02,7.02,6.9,6.62,2/11/2021,7.42,7.42,7.35,6.54,2/12/2021,6.69,6.69,6.2,6.69,2/16/2021,6.6992,6.6992,6.6992,6.29
KALV US Equity,1.05,10ATR,short,3,3.14,1200,382.15,382,35.99,39.13,40.51,02/09/2021,02/09/2021,-1.44,-1726.64,USD,,2/10/2021,40.8,40.8,36.89,37.46,2/11/2021,42.92,42.92,40.9,40.45,2/12/2021,43.0799,43.0799,39.021,42.57,2/16/2021,42.3149,42.3149,41.75,42.1
KALV US Equity,1.05,10ATR,short,2,2.1,1200,571.43,573,40.8,42.9,37.87,02/09/2021,02/09/2021,1.4,1679.63,USD,,2/10/2021,40.8,40.8,36.89,37.46,2/11/2021,42.92,42.92,40.9,40.45,2/12/2021,43.0799,43.0799,39.021,42.57,2/16/2021,42.3149,42.3149,41.75,42.1
CHCI US Equity,0.28,10ATR,short,2,0.56,1200,2142.86,2118,13.65,14.21,14.21,02/09/2021,02/09/2021,-0.99,-1184.39,USD,,2/10/2021,7.02,7.02,6.9,6.62,2/11/2021,7.42,7.42,7.35,6.54,2/12/2021,6.69,6.69,6.2,6.69,2/16/2021,6.6992,6.6992,6.6992,6.29
SNPR US Equity,0.78,AH+,long,1.5,1.17,1200,1025.64,767,17.31,16.14,16.18,02/08/2021,02/09/2021,-0.72,-862.49,USD,,2/9/2021,16.9199,16.9199,16.9,16.4,2/10/2021,17.22,17.22,16.65,15.7,2/11/2021,15.994,15.994,15.96,14.87,2/12/2021,15.32,15.32,14.94,15.03
WPRT US Equity,0.63,10ATR,short,2,1.26,1200,952.38,954,12.5,13.76,11.93,02/08/2021,02/08/2021,0.46,546.93,USD,,2/9/2021,12.79,12.79,11.78,12.14,2/10/2021,12.48,12.48,12.39,11.44,2/11/2021,11.68,11.68,11.43,11.42,2/12/2021,11.95,11.95,11.2,11.93
REI US Equity,0.17,10ATR,short,1,0.17,1200,7058.82,3550,2,2.17,2.29,02/08/2021,02/08/2021,-0.86,-1028.08,USD,,2/9/2021,2.4,2.4,2.22,2.14,2/10/2021,2.35,2.35,2.35,2.14,2/11/2021,2.21,2.21,2.2,2.13,2/12/2021,2.13,2.13,2.08,2.11
NMRD US Equity,0.65,10ATR,short,2,1.3,1200,923.08,924,11,12.3,11.99,02/08/2021,02/08/2021,-0.76,-911.8,USD,,2/9/2021,9.75,9.75,8.8,9.73,2/10/2021,9.81,9.81,9.81,9.43,2/11/2021,9.6246,9.6246,9.6246,8.14,2/12/2021,8.44,8.44,8.19,7.92
CGIX US Equity,0.72,10ATR,long,2,1.44,1200,833.33,831,16.28,14.84,15.25,02/10/2021,02/10/2021,-0.71,-855.35,USD,,2/11/2021,7.7,7.7,7,7.04,2/12/2021,7.03,7.03,6.9389,6.72,2/16/2021,7.2,7.2,7.0116,7.18,2/17/2021,6.95,6.95,6.863,6.55
CGIX US Equity,0.72,10ATR,long,3,2.16,1200,555.56,554,16.3,14.14,14.09,02/10/2021,02/10/2021,-1.02,-1225.12,USD,,2/11/2021,7.7,7.7,7,7.04,2/12/2021,7.03,7.03,6.9389,6.72,2/16/2021,7.2,7.2,7.0116,7.18,2/17/2021,6.95,6.95,6.863,6.55
AAME US Equity,1.22,10ATR,short,1,1.22,1200,982.16,600,9.06,10.29,9.29,02/05/2021,02/05/2021,-0.11,-137.4,USD,,2/8/2021,7.85,7.85,4.9,6.5,2/9/2021,7.5,7.5,6.15,6.53,2/10/2021,6.3,6.3,6.27,5.7,2/11/2021,5.63,5.63,5.61,5.26
AAME US Equity,1.36,10ATR,short,1,1.36,1200,882.35,1529,9.51,10.87,9.59,02/05/2021,02/05/2021,-0.11,-132.87,USD,,2/8/2021,7.85,7.85,4.9,6.5,2/9/2021,7.5,7.5,6.15,6.53,2/10/2021,6.3,6.3,6.27,5.7,2/11/2021,5.63,5.63,5.61,5.26
VCVC US Equity,0.33,10ATR,short,1,0.33,1200,3664.23,1526,16.35,16.68,15.71,02/03/2021,02/03/2021,0.81,977.1,USD,,2/4/2021,15.54,15.54,15.17,14.82,2/5/2021,14.75,14.75,14.55,14.7,2/8/2021,14.95,14.95,14.95,13.9,2/9/2021,14.14,14.14,13.95,13.41
AAME US Equity,1.22,10ATR,short,1,1.22,1200,982.16,500,8.25,9.47,9.83,02/05/2021,02/05/2021,-0.66,-790,USD,,2/8/2021,7.85,7.85,4.9,6.5,2/9/2021,7.5,7.5,6.15,6.53,2/10/2021,6.3,6.3,6.27,5.7,2/11/2021,5.63,5.63,5.61,5.26
THTX US Equity,0.11,10ATR,short,2,0.22,1200,5338.08,5336,3.1,3.33,2.77,02/04/2021,02/04/2021,1.47,1761.41,USD,,2/5/2021,2.66,2.66,2.58,2.55,2/8/2021,2.73,2.73,2.51,2.64,2/9/2021,2.8,2.8,2.8,2.68,2/10/2021,2.83,2.83,2.71,2.77
LAIX US Equity,0.32,10ATR,short,2,0.63,1200,1897.53,1684,9.25,9.88,7.34,02/05/2021,02/05/2021,2.67,3207.35,USD,,2/8/2021,5.21,5.21,5.19,4.28,2/9/2021,4.1,4.1,4,3.84,2/10/2021,4.17,4.17,3.95,3.54,2/11/2021,3.75,3.75,3.59,3.62
ACIC US Equity,0.41,10ATR,short,2,0.82,1200,1463.41,1472,15.18,16,13.93,02/10/2021,02/10/2021,1.53,1840,USD,,2/11/2021,14.83,14.83,14.5,14.08,2/12/2021,13.85,13.85,13.85,13.56,2/16/2021,14.87,14.87,14.87,14.14,2/17/2021,16.5,16.5,16.43,16.1
HOL US Equity,0.24,10ATR,short,2,0.49,1000,2057.61,2057,15.49,15.98,14.55,02/02/2021,02/02/2021,1.94,1935.64,USD,,2/3/2021,17.6,17.6,17.34,16.63,2/4/2021,20,20,16.59,18.55,2/5/2021,20.09,20.09,19.23,19.37,2/8/2021,22.0799,22.0799,19.98,21.15
ATVI US Equity,2.2,QR+(recon),short,1,2.2,1200,544.71,272,100.51,102.71,102.86,02/05/2021,02/05/2021,-0.53,-637.95,USD,,2/8/2021,103.08,103.08,102.05,101.19,2/9/2021,103.77,103.77,101.95,102.73,2/10/2021,103.44,103.44,103.04,102.76,2/11/2021,104.215,104.215,103.5,103.24
JG US Equity,0.26,10ATR,short,2,0.53,1200,2264.24,2281,10.71,11.24,9.97,02/05/2021,02/05/2021,1.39,1672.43,USD,,2/8/2021,6.57,6.57,5.7197,5.75,2/9/2021,7,7,5.97,7,2/10/2021,8.5,8.5,8.37,8.13,2/11/2021,7.95,7.95,7.32,7.07
BSQR US Equity,0.66,10ATR,short,1.5,0.99,1200,1210.29,605,6.15,7.15,7.19,02/05/2021,02/05/2021,-0.52,-628.9,USD,,2/8/2021,7.24,7.24,4.26,5.69,2/9/2021,11.45,11.45,6.215,8.4,2/10/2021,11.83,11.83,10.1419,7.8,2/11/2021,7.9,7.9,7.9,6.28
SCKT US Equity,0.24,10ATR,short,2,0.48,1200,2500,2452,11.58,12.06,11.78,02/16/2021,02/16/2021,-0.4,-484.27,USD,,2/17/2021,17.44,17.44,15.7,13.05,2/18/2021,15.8,15.8,12.18,13.79,2/19/2021,13.79,13.79,13.5335,12.22,2/22/2021,12.62,12.62,11.85,11.1
SCKT US Equity,0.24,10ATR,short,2,0.49,1200,2452.88,2452,10.16,10.65,10.97,02/16/2021,02/16/2021,-1.66,-1996.42,USD,,2/17/2021,17.44,17.44,15.7,13.05,2/18/2021,15.8,15.8,12.18,13.79,2/19/2021,13.79,13.79,13.5335,12.22,2/22/2021,12.62,12.62,11.85,11.1
SCKT US Equity,0.25,10ATR,short,2,0.49,1200,2432.99,2452,10.38,10.88,11.01,02/16/2021,02/16/2021,-1.28,-1537.4,USD,,2/17/2021,17.44,17.44,15.7,13.05,2/18/2021,15.8,15.8,12.18,13.79,2/19/2021,13.79,13.79,13.5335,12.22,2/22/2021,12.62,12.62,11.85,11.1
EBAY US Equity,1.94,QR+(recon),short,1,1.94,1200,619.51,309,63.99,65.93,61.7,02/04/2021,02/04/2021,0.59,707.8,USD,,2/5/2021,62.82,62.82,61.16,62.23,2/8/2021,64.06,64.06,62.6,63.84,2/9/2021,63.91,63.91,63.87,62.23,2/10/2021,63.22,63.22,62.5453,62.32
HOL US Equity,0.24,mistake,long,2,0.49,1200,2469.14,2057,15.49,15,17.28,02/02/2021,02/03/2021,3.07,3683.06,USD,,2/3/2021,17.6,17.6,17.34,16.63,2/4/2021,20,20,16.59,18.55,2/5/2021,20.09,20.09,19.23,19.37,2/8/2021,22.0799,22.0799,19.98,21.15
ACIU US Equity,0.77,10ATR,short,2,1.53,1200,782.06,782,11.66,13.19,8.63,02/10/2021,02/10/2021,1.97,2369.62,USD,,2/11/2021,12.5,12.5,11.62,8.43,2/12/2021,9.2,9.2,8.0076,8.19,2/16/2021,8.35,8.35,8.35,7.92,2/17/2021,9.45,9.45,8.203,8.96
AKER US Equity,0.31,10ATR,short,2,0.62,1200,1935.48,1964,4.5,5.12,3.88,02/10/2021,02/10/2021,1.01,1215.52,USD,,2/11/2021,4.77,4.77,4.5,3.69,2/12/2021,3.85,3.85,3.61,3.75,2/16/2021,5.24,5.24,4.19,4.82,2/17/2021,4.38,4.38,4.0625,4.02
KALV US Equity,1.05,10ATR,short,2,2.1,1200,571.43,573,40.33,42.43,33.21,02/09/2021,02/09/2021,3.4,4082.28,USD,,2/10/2021,40.8,40.8,36.89,37.46,2/11/2021,42.92,42.92,40.9,40.45,2/12/2021,43.0799,43.0799,39.021,42.57,2/16/2021,42.3149,42.3149,41.75,42.1
ALJJ US Equity,0.22,10ATR,short,1,0.22,1200,5479.45,1826,2.11,2.33,1.87,02/16/2021,02/16/2021,0.37,438.24,USD,,2/17/2021,1.87,1.87,1.7,1.82,2/18/2021,1.8,1.8,1.76,1.69,2/19/2021,1.73,1.73,1.67,1.61,2/22/2021,1.75,1.75,1.6,1.63
KALV US Equity,1.04,10ATR,long,3,3.12,1200,384.62,382,43.75,40.63,40.53,02/09/2021,02/09/2021,-1.03,-1231.34,USD,,2/10/2021,40.8,40.8,36.89,37.46,2/11/2021,42.92,42.92,40.9,40.45,2/12/2021,43.0799,43.0799,39.021,42.57,2/16/2021,42.3149,42.3149,41.75,42.1
SAVA US Equity,11.61,10ATR,short,4,46.45,1200,25.83,43,100.99,147.44,115.68,02/04/2021,02/04/2021,-0.53,-631.8,USD,,2/5/2021,64.83,64.83,54.02,44.8,2/8/2021,69,69,52.11,60.67,2/9/2021,65.72,65.72,57.79,57.56,2/10/2021,52.67,52.67,52.355,49.29
AVXL US Equity,0.84,10ATR,short,2,1.68,1200,714.97,722,20,21.68,20.48,02/04/2021,02/04/2021,-0.29,-349.01,USD,,2/5/2021,13.76,13.76,13.35,12.39,2/8/2021,14.44,14.44,13.06,14.1,2/9/2021,15.04,15.04,13.5,14.99,2/10/2021,16.04,16.04,15.07,13.67
AAME US Equity,0.14,10ATR,short,2,0.27,1200,4411.76,4593,3.71,3.98,4.04,02/05/2021,02/05/2021,-1.26,-1515.69,USD,,2/8/2021,7.85,7.85,4.9,6.5,2/9/2021,7.5,7.5,6.15,6.53,2/10/2021,6.3,6.3,6.27,5.7,2/11/2021,5.63,5.63,5.61,5.26
BBIG US Equity,0.35,AH+,long,3,1.06,2500,2362.06,2362,4.94,3.88,3.58,02/23/2021,02/23/2021,-1.28,-3209.01,USD,,2/24/2021,3.6299,3.6299,3.55,3.19,2/25/2021,3.18,3.18,3.16,2.77,2/26/2021,2.95,2.95,2.69,2.9,3/1/2021,3.0462,3.0462,2.85,2.88
GLXY CN Equity,1.06,SEC+,long,2,2.13,6000,2819.55,3000,11.01,8.88,16.6,02/03/2021,02/23/2021,2.8,16790.1,CAD,,2/4/2021,11,11,11,11,2/5/2021,13.71,13.71,11.12,13.42,2/8/2021,16.61,16.61,15.29,14.95,2/9/2021,16.4,16.4,15.85,16
YOLO US Equity,0.86,AH+,long,1,0.86,2000,2314.84,2300,21.15,20.29,25.04,01/28/2021,02/23/2021,4.47,8947,USD,,1/29/2021,21.7999,21.7999,21.31,21.07,2/1/2021,21.62,21.62,21.42,21.59,2/2/2021,23.2399,23.2399,22.04,23.22,2/3/2021,25.6299,25.6299,25.29,25.17
MSOS US Equity,0.98,AH+,long,3,2.94,2500,850.34,850,36.87,33.93,48.58,01/04/2021,02/23/2021,3.98,9954.44,USD,,1/5/2021,38.57,38.57,37.33,38.24,1/6/2021,42.2,42.2,41.47,40.61,1/7/2021,43.11,43.11,43,41.76,1/8/2021,42.35,42.35,41.96,41.42
PSYK CN Equity,0.55,reduce,long,2.5,1.38,3200,2327.27,2500,12.08,10.71,9.86,02/16/2021,02/23/2021,-1.73,-5545,CAD,,2/17/2021,12.1,12.1,12,11.65,2/18/2021,12,12,12,11.02,2/19/2021,11.3,11.3,11.05,11.25,2/22/2021,11.6,11.6,11.53,11.09
ANET US Equity,6.73,QR+,long,2,13.47,2500,185.61,186,318,304.53,272.83,02/19/2021,02/23/2021,-3.36,-8402.35,USD,,2/22/2021,307.95,307.95,307.59,292.16,2/23/2021,288.84,288.84,278.9,287.08,2/24/2021,289.23,289.23,283.7,286.36,2/25/2021,288.31,288.31,286.85,280.26
IPOE US Equity,2.24,AH+,long,1.5,3.36,2500,744.38,744,22.5,19.14,18.4,01/19/2021,02/23/2021,-1.22,-3050.4,USD,,1/20/2021,24.62,24.62,23.86,22.37,1/21/2021,23.05,23.05,23,22.39,1/22/2021,22.99,22.99,22.09,21.65,1/25/2021,22.85,22.85,22.16,20.48
IPOE US Equity,2.84,x2,long,1,2.84,2000,704.23,704,27.09,24.25,18.4,02/01/2021,02/23/2021,-3.06,-6114.73,USD,,2/2/2021,26.18,26.18,26.01,24.33,2/3/2021,25.75,25.75,24.8,24.95,2/4/2021,25.12,25.12,24.07,25.06,2/5/2021,24.52,24.52,24.29,23.1
BLMN US Equity,0.98,mistake,long,2,1.96,2500,1274.86,300,24.15,22.19,24.74,02/18/2021,02/19/2021,0.07,177,USD,,2/19/2021,25.84,25.84,24.74,24.83,2/22/2021,26.74,26.74,24.68,26,2/23/2021,26.44,26.44,25.86,25.54,2/24/2021,26.65,26.65,25.49,26.51
BABA US Equity,10.1,AH+,long,2,20.2,2500,123.76,123,243.46,223.26,264.51,01/16/2021,02/18/2021,1.04,2589.15,USD,,1/19/2021,252.88,252.88,250,251.65,1/20/2021,269,269,267.5,265.49,1/21/2021,264.6,264.6,264.13,260,1/22/2021,260.33,260.33,256.8,258.62
BLMN US Equity,0.73,GS_puts,short,2,1.45,2500,1722.97,2000,23.16,24.61,24.06,02/12/2021,02/18/2021,-0.72,-1797,USD,,2/16/2021,23.1,23.1,22.83,22.66,2/17/2021,22.7,22.7,22.66,22.47,2/18/2021,24.6,24.6,21.83,24.15,2/19/2021,25.84,25.84,24.74,24.83
FUTU US Equity,17.07,AH+,long,2,34.13,2000,58.59,59,150.28,116.15,171.81,02/09/2021,02/18/2021,0.64,1270.03,USD,,2/10/2021,204.25,204.25,179.81,165.24,2/11/2021,172.9423,172.9423,167.82,157.34,2/12/2021,157.9,157.9,142,147.57,2/16/2021,193.88,193.88,159.49,191
NFLX US Equity,14.63,QR++,long,2,29.25,2500,85.47,86,572.37,543.12,548.22,01/20/2021,02/18/2021,-0.83,-2076.9,USD,,1/21/2021,588.75,588.75,582.45,579.84,1/22/2021,583.99,583.99,582.1,565.17,1/25/2021,569.75,569.75,567,556.78,1/26/2021,567.99,567.99,554.73,561.93
CLOV US Equity,1.36,BR+(citi),long,1,1.36,2000,1474.93,1500,14.31,12.95,11.32,02/02/2021,02/17/2021,-2.24,-4485,USD,,2/3/2021,14.2478,14.2478,14.07,13.95,2/4/2021,13.1,13.1,12.24,12.23,2/5/2021,13.07,13.07,12.53,12.93,2/8/2021,13.13,13.13,13.04,12.37
MA US Equity,8.9,2dt,long,2,17.8,2500,140.42,140,341.33,323.53,337.33,02/12/2021,02/17/2021,-0.22,-560,USD,,2/16/2021,344,344,343.2,341.21,2/17/2021,340.3822,340.3822,339.04,337.33,2/18/2021,339.95,339.95,334.49,338.46,2/19/2021,338.995,338.995,338.44,333.17
SLV US Equity,0.93,SEC+,long,2,1.86,2500,1341.2,1341,26.69,24.83,25.4,02/01/2021,02/17/2021,-0.69,-1734.85,USD,,2/2/2021,25.55,25.55,25.54,24.54,2/3/2021,25.1,25.1,25,24.93,2/4/2021,24.5389,24.5389,24.38,24.48,2/5/2021,25.14,25.14,24.7401,24.95
GSX US Equity,18.58,TA,short,3,55.74,5000,89.7,89,97.01,152.75,108,02/01/2021,02/17/2021,-0.2,-978.11,USD,,2/2/2021,90.88,90.88,90.54,83.46,2/3/2021,87.24,87.24,83.72,85.46,2/4/2021,88.48,88.48,84.24,86.9,2/5/2021,91.7628,91.7628,86.42,89.77
PINS US Equity,4.48,TD-Sequital,short,3,13.45,2500,185.89,186,86.57,100.02,89.15,02/12/2021,02/16/2021,-0.19,-479.88,USD,,2/16/2021,89.9,89.9,86.55,89.15,2/17/2021,87.45,87.45,87.06,86.3,2/18/2021,86.8,86.8,85.31,85.99,2/19/2021,88.29,88.29,87.41,85.9
DIS US Equity,5.07,QR+,short,2,10.14,2000,197.26,200,193.12,203.26,187.09,02/12/2021,02/16/2021,0.6,1206,USD,,2/16/2021,188.44,188.44,187.3,186.35,2/17/2021,187.63,187.63,185.36,186.44,2/18/2021,186.4,186.4,184.79,183,2/19/2021,184.78,184.78,184.27,183.65
ASYS US Equity,0.39,QR+(recon),short,2,0.77,2500,3238.34,3200,10.12,10.89,10.81,02/12/2021,02/12/2021,-0.89,-2212.8,USD,,2/16/2021,11.5,11.5,11.24,11.23,2/17/2021,11.39,11.39,11.05,10.7,2/18/2021,11.03,11.03,11.03,10.56,2/19/2021,11.03,11.03,10.59,10.89
ATVI US Equity,2.18,CIR,long,2,4.36,2500,572.87,573,93.69,89.32,98.43,02/02/2021,02/05/2021,1.09,2716.08,USD,,2/3/2021,94.07,94.07,93.89,92.77,2/4/2021,94.42,94.42,93.35,92.68,2/5/2021,104.2299,104.2299,100.66,101.61,2/8/2021,103.08,103.08,102.05,101.19
AG US Equity,1.97,TA,short,2,3.94,2000,507.1,507,21.47,25.42,16.87,02/01/2021,02/03/2021,1.17,2333.21,USD,,2/2/2021,18.35,18.35,18.16,16.76,2/3/2021,17.2701,17.2701,17.04,16.38,2/4/2021,16.45,16.45,15.23,16.11,2/5/2021,16.72,16.72,16.4,16.5
MU US Equity,2.3,CIR(GS),long,2,4.6,2500,543.48,543,78.06,73.46,81.62,01/07/2021,02/02/2021,0.77,1933.08,USD,,1/8/2021,84.16,84.16,82.54,77.42,1/11/2021,79.7913,79.7913,76.59,78.67,1/12/2021,79.62,79.62,79.19,79.46,1/13/2021,80.39,80.39,78.95,79.91
SPY US Equity,5.13,hedge,short,2,10.25,3000,292.68,293,375.51,385.76,381.5,01/15/2021,02/02/2021,-0.59,-1755.07,USD,,1/19/2021,379.23,379.23,378.34,378.65,1/20/2021,384.79,384.79,381.11,383.89,1/21/2021,384.95,384.95,384.49,384.24,1/22/2021,384.1256,384.1256,382.25,382.88
AYA CN Equity,0.3,AH-,short,2,0.6,2700,4515.05,4500,4.51,5.11,4.48,02/02/2021,02/02/2021,0.05,135,CAD,,2/3/2021,4.47,4.47,4.45,4.31,2/4/2021,4.14,4.14,4.1,4.05,2/5/2021,4.16,4.16,4.11,4.13,2/8/2021,4.45,4.45,4.26,4.32
ROK US Equity,6.13,QR-,short,2,12.26,2500,203.92,206,255.49,267.75,252.52,01/26/2021,02/02/2021,0.24,611.82,USD,,1/27/2021,247.18,247.18,245.91,241.05,1/28/2021,254.375,254.375,245.04,251.2,1/29/2021,255.315,255.315,250,248.53,2/1/2021,252.6,252.6,252.02,247.68
PLTR US Equity,4.37,TA,long,1,4.37,2500,572.61,572,34,29.63,31.02,01/28/2021,02/02/2021,-0.68,-1704.56,USD,,1/29/2021,38.01,38.01,36.61,35.18,2/1/2021,35.6199,35.6199,35.33,33.96,2/2/2021,34.2,34.2,34.1,31.02,2/3/2021,32.95,32.95,32.39,31.76
AG US Equity,1.47,SEC+,long,3,4.41,2000,453.51,500,23.59,19.18,21.42,02/01/2021,12/01/2021,-0.54,-1087.25,USD,,2/2/2021,18.35,18.35,18.16,16.76,2/3/2021,17.2701,17.2701,17.04,16.38,2/4/2021,16.45,16.45,15.23,16.11,2/5/2021,16.72,16.72,16.4,16.5
PYPL US Equity,11.44,QR+,long,2,22.87,2500,109.29,109,267.76,244.89,285.03,02/04/2021,02/11/2021,0.75,1881.97,USD,,2/5/2021,270,270,268.61,269.44,2/8/2021,282.6989,282.6989,276.88,282.17,2/9/2021,286.89,286.89,280.38,284.2,2/10/2021,286.08,286.08,285.1,283.18
SHOP US Equity,55.71,BR+(vec),long,2,111.43,3000,26.92,27,1235.35,1123.92,1463.31,02/03/2021,02/11/2021,2.05,6154.92,USD,,2/4/2021,1281.65,1281.65,1241.27,1260.87,2/5/2021,1296.775,1296.775,1261.49,1287.75,2/8/2021,1348.255,1348.255,1303.86,1345.09,2/9/2021,1453.49,1453.49,1365.53,1432.99
UPS US Equity,3.69,2dt,long,1.5,5.54,2500,451.18,451,160.83,155.29,163.45,02/03/2021,02/11/2021,0.47,1181.62,USD,,2/4/2021,162.41,162.41,159.23,162.26,2/5/2021,164.54,164.54,163,164.38,2/8/2021,165.4699,165.4699,164.44,163.45,2/9/2021,167.5955,167.5955,163.5,166.92
SFTBY US Equity,1.23,AH+,long,2,2.46,3000,1219.51,1219,40.4,37.94,47.4,01/28/2021,02/11/2021,2.84,8533.37,USD,,1/29/2021,39.47,39.47,39.3675,38.91,2/1/2021,40.86,40.86,39.98,40.78,2/2/2021,40.86,40.86,40.86,40.24,2/3/2021,41.9,41.9,41.5,41.61
TSLA US Equity,40.72,AH+,long,1.5,61.08,3000,49.12,50,863,801.92,811.66,02/08/2021,02/11/2021,-0.86,-2567,USD,,2/9/2021,859.8,859.8,855.12,849.46,2/10/2021,844.82,844.82,843.635,804.82,2/11/2021,829.8799,829.8799,812.44,811.66,2/12/2021,817.33,817.33,801.26,816.12
AAPL US Equity,4.16,QR+,long,1,4.16,2000,480.35,500,139.53,135.37,130.55,01/28/2021,02/17/2021,-2.25,-4492.3,USD,,1/29/2021,136.74,136.74,135.83,131.96,2/1/2021,135.38,135.38,133.75,134.14,2/2/2021,136.31,136.31,135.73,134.99,2/3/2021,135.77,135.77,135.76,133.94
AMD US Equity,3.41,QR+,long,1,3.41,2000,587.16,600,89.79,86.38,92.66,01/28/2021,02/11/2021,0.86,1721.46,USD,,1/29/2021,88.33,88.33,87.56,85.64,2/1/2021,87.95,87.95,86.83,87.66,2/2/2021,89.28,89.28,88.49,88.86,2/3/2021,89.48,89.48,88.6,87.89
DELL US Equity,2,BR+(GS),long,2,4,2000,500,500,77.5,73.5,79.5,02/02/2021,02/11/2021,0.5,1000,USD,,2/3/2021,78.33,78.33,76.75,77.75,2/4/2021,79.34,79.34,78.17,79.31,2/5/2021,80.08,80.08,79.5,79.61,2/8/2021,80.71,80.71,80,79.94
UAA US Equity,0.79,BR+(Cowen),long,2,1.58,2000,1265.02,1265,19.24,17.66,22.99,01/26/2021,02/11/2021,2.37,4743.75,USD,,1/27/2021,18.31,18.31,17.98,17.35,1/28/2021,18.19,18.19,17.55,17.81,1/29/2021,17.915,17.915,17.66,17.5,2/1/2021,18.03,18.03,17.65,17.99
SIMO US Equity,2.13,QR+,long,2,4.26,2500,587.41,588,56.11,51.85,62.84,02/04/2021,02/11/2021,1.58,3957.89,USD,,2/5/2021,59.96,59.96,56.99,59.59,2/8/2021,64.13,64.13,59.61,63.81,2/9/2021,63.94,63.94,62.57,62.94,2/10/2021,63.2,63.2,63.13,61.51
THCB US Equity,1.71,AH+,long,2,3.42,2000,584.8,570,22.1,18.68,18.88,02/01/2021,02/11/2021,-0.92,-1835.97,USD,,2/2/2021,23.7591,23.7591,22.75,21.4,2/3/2021,23,23,21.67,21.38,2/4/2021,22,22,21.95,21.82,2/5/2021,22.98,22.98,21.83,21.99
GOOG US Equity,66.3,QR+(recon),long,2,132.6,2500,18.85,20,2073.79,1941.19,2095.89,02/03/2021,02/11/2021,0.18,442,USD,,2/4/2021,2078.55,2078.55,2068.89,2062.37,2/5/2021,2102.51,2102.51,2070,2098,2/8/2021,2123.547,2123.547,2105.91,2092.91,2/9/2021,2105.13,2105.13,2078.54,2083.51
WIMI US Equity,1.4,AH+,long,2,2.8,2500,892.86,893,11,8.2,8.67,02/19/2021,02/25/2021,-0.83,-2080.69,USD,,2/22/2021,11.62,11.62,11.06,10.9,2/23/2021,10.3083,10.3083,10.3,9.44,2/24/2021,9.95,9.95,9.505,9.78,2/25/2021,9.7798,9.7798,9.7,8.67
BABA US Equity,7.72,CIR,long,1,7.72,2000,258.93,259,264.49,256.77,240.18,02/01/2021,02/25/2021,-3.15,-6296.29,USD,,2/2/2021,265,265,264.57,254.5,2/3/2021,268.28,268.28,264.7,263.43,2/4/2021,269.99,269.99,269.58,266.96,2/5/2021,266.45,266.45,264.61,265.67
EA US Equity,3.35,BR+(GS),long,1.5,5.03,2500,497.51,497,147.45,142.42,135.24,01/25/2021,02/25/2021,-2.43,-6068.37,USD,,1/26/2021,146.96,146.96,146.36,146.3,1/27/2021,148.93,148.93,145.83,146.23,1/28/2021,146.63,146.63,146.2,143.01,1/29/2021,144.57,144.57,141,143.2
GBTC UV Equity,4.79,TA,long,1.5,7.18,5000,696.04,696,43.95,36.76,45.64,01/14/2021,02/25/2021,0.24,1176.52,USD,,1/15/2021,41.74,41.74,41.74,39.34,1/19/2021,40.98,40.98,40.85,38.055,1/20/2021,37.18,37.18,37.17,35.35,1/21/2021,33.01,33.01,32.59,31.935
ZTS US Equity,3.35,QR+,long,2,6.69,2500,373.61,374,169.66,162.97,156.48,02/16/2021,02/25/2021,-1.97,-4931.08,USD,,2/17/2021,169.85,169.85,165.82,168.9,2/18/2021,170.07,170.07,167.71,167.95,2/19/2021,168.025,168.025,167.88,160,2/22/2021,161.01,161.01,159,160.16
WMT US Equity,2.64,2dt,long,2,5.28,2500,473.1,473,137.69,132.41,131.95,02/19/2021,02/25/2021,-1.09,-2715.02,USD,,2/22/2021,138.34,138.34,137.74,137.69,2/23/2021,137.39,137.39,137.11,135.47,2/24/2021,136.16,136.16,135.87,133.21,2/25/2021,134.01,134.01,133.1,131.95
SPY US Equity,5.69,hedge,short,2,11.38,3000,263.62,263,382.71,394.09,382.33,02/03/2021,02/25/2021,0.03,99.94,USD,,2/4/2021,386.24,386.24,382.96,386.19,2/5/2021,388.47,388.47,388.2,387.71,2/8/2021,390.56,390.56,389.27,390.51,2/9/2021,390.89,390.89,389.61,390.25
SPY US Equity,5.04,hedge,short,1,5.04,2000,396.83,398,390.08,395.12,382.33,02/10/2021,02/25/2021,1.54,3084.5,USD,,2/11/2021,391.69,391.69,391.24,390.71,2/12/2021,392.9,392.9,389.85,392.64,2/16/2021,394.17,394.17,393.96,392.3,2/17/2021,392.66,392.66,390.42,392.39
EA US Equity,4,QR+,long,2,8,2000,250,250,142.18,134.18,135.24,02/03/2021,02/25/2021,-0.87,-1734,USD,,2/4/2021,142.15,142.15,140.56,138.63,2/5/2021,142.47,142.47,139.91,141.22,2/8/2021,142.49,142.49,142,142.46,2/9/2021,148.23,148.23,142.57,146.11
PLTR US Equity,3.21,BR+(GS),long,1.5,4.81,2500,519.21,520,29.32,24.5,23.96,02/17/2021,02/25/2021,-1.11,-2784.7,USD,,2/18/2021,26.31,26.31,24.99,25.17,2/19/2021,29.96,29.96,27.02,29,2/22/2021,30.19,30.19,29.96,28,2/23/2021,27.46,27.46,25.96,26.75
TWLO US Equity,20.27,2dt,long,2,40.54,2500,61.67,62,425,384.46,377.59,02/19/2021,02/25/2021,-1.18,-2939.42,USD,,2/22/2021,430,430,422.2,409.21,2/23/2021,414.44,414.44,388.54,410.59,2/24/2021,414.725,414.725,402.81,408.96,2/25/2021,417.11,417.11,410,377.59
XPEV US Equity,2.83,AH-,short,2,5.66,2900,512.01,500,36.4,42.06,35.4,02/23/2021,02/25/2021,0.17,500,USD,,2/24/2021,39.08,39.08,37.83,38.71,2/25/2021,38.01,38.01,38,35.4,2/26/2021,35.82,35.82,34.98,34.11,3/1/2021,35.82,35.82,35.01,35.5
MSOS US Equity,1.43,x2,long,2,2.86,3000,1048.95,1085,41.71,38.85,48.33,01/06/2021,02/25/2021,2.39,7180.53,USD,,1/7/2021,43.11,43.11,43,41.76,1/8/2021,42.35,42.35,41.96,41.42,1/11/2021,43.34,43.34,41.43,43.14,1/12/2021,43.69,43.69,43.3,43.1
AMAT US Equity,4.7,CIR+(cowen),long,2,9.4,2500,265.96,300,119.96,110.56,113.93,02/16/2021,02/25/2021,-0.72,-1808.01,USD,,2/17/2021,117.06,117.06,116.46,115.71,2/18/2021,115.63,115.63,114,113.43,2/19/2021,124.5,124.5,121.61,119.46,2/22/2021,119.8699,119.8699,117.97,115.23
AYA CN Equity,0.35,AH+,long,1.5,0.53,3200,6077.87,6000,4.91,4.38,5.05,02/16/2021,02/25/2021,0.27,862.8,CAD,,2/17/2021,5.18,5.18,5.07,5.09,2/18/2021,5.17,5.17,5.12,4.75,2/19/2021,4.98,4.98,4.7,4.92,2/22/2021,6.14,6.14,5.12,5.55
ANET US Equity,11.3,,long,2,22.59,2500,110.66,111,283.82,261.22,280.26,02/23/2021,02/25/2021,-0.16,-394.61,USD,,2/24/2021,289.23,289.23,283.7,286.36,2/25/2021,288.31,288.31,286.85,280.26,2/26/2021,284.71,284.71,282.07,279.84,3/1/2021,289.06,289.06,282.5,287.94
CMPS US Equity,3.34,XR+,long,1,3.34,2000,598.27,598,45.92,42.58,48.21,02/03/2021,02/25/2021,0.68,1368.64,USD,,2/4/2021,47.3028,47.3028,46,46.18,2/5/2021,48,48,46.93,45.25,2/8/2021,48,48,46.77,45.8,2/9/2021,46.67,46.67,46.5,44.72
GBTC UV Equity,5.2,TA,long,1,5.2,2000,384.62,384,39,33.8,45.64,01/15/2021,02/25/2021,1.27,2548.42,USD,,1/19/2021,40.98,40.98,40.85,38.055,1/20/2021,37.18,37.18,37.17,35.35,1/21/2021,33.01,33.01,32.59,31.935,1/22/2021,34.99,34.99,32.81,34.45
SPY US Equity,4.5,hedge,short,1,4.5,3000,667.04,667,376.17,380.66,382.33,01/28/2021,02/25/2021,-1.37,-4111.39,USD,,1/29/2021,376.67,376.67,375.63,370.07,2/1/2021,377.34,377.34,373.72,376.23,2/2/2021,383.22,383.22,379.65,381.55,2/3/2021,383.7,383.7,382.435,381.85
SPY US Equity,5.13,hedge,short,1,5.13,2000,389.86,400,368,373.13,382.33,01/29/2021,02/25/2021,-2.87,-5732,USD,,2/1/2021,377.34,377.34,373.72,376.23,2/2/2021,383.22,383.22,379.65,381.55,2/3/2021,383.7,383.7,382.435,381.85,2/4/2021,386.24,386.24,382.96,386.19
GBTC UV Equity,3.7,TA,long,1,3.7,2000,540.54,540,35.15,31.45,45.64,01/29/2021,02/25/2021,2.83,5662.71,USD,,2/1/2021,34.36,34.36,34.04,33.95,2/2/2021,37.06,37.06,34.97,36.8,2/3/2021,38.3,38.3,37.75,38.06,2/4/2021,38.63,38.63,38.54,37.96
YOLO US Equity,1.51,x2,long,2,3.01,3000,995.82,996,28.83,25.82,25.04,02/10/2021,02/25/2021,-1.26,-3776.04,USD,,2/11/2021,30.49,30.49,30.48,26.85,2/12/2021,27.98,27.98,26.35,27.07,2/16/2021,28.6299,28.6299,27.77,28.52,2/17/2021,28.41,28.41,28.39,27.76
HARV CN Equity,0.45,AH+,long,2,0.91,12000,13215.86,12500,4.94,4.03,4.8,02/04/2021,02/25/2021,-0.15,-1750,CAD,,2/5/2021,5.22,5.22,4.97,5,2/8/2021,5.31,5.31,5.1,5.09,2/9/2021,5.47,5.47,5.47,5.15,2/10/2021,5.5,5.5,5.25,5.285
PSYK CN Equity,0.55,trend,long,1.5,0.82,3200,3885.85,3300,12.08,11.26,10.09,02/16/2021,02/25/2021,-2.05,-6563.7,CAD,,2/17/2021,12.1,12.1,12,11.65,2/18/2021,12,12,12,11.02,2/19/2021,11.3,11.3,11.05,11.25,2/22/2021,11.6,11.6,11.53,11.09
BITC-U CN Equity,1.2,DEAL,long,1,1.2,6000,5000,5047,12.76,11.56,16.34,01/27/2021,02/25/2021,3.01,18058.17,CAD,,1/28/2021,12.75,12.75,12.5,12.65,1/29/2021,14.52,14.52,14.1,12.9,2/1/2021,13.48,13.48,13.3,13.21,2/2/2021,13.75,13.75,13.48,13.69
ARKK US Equity,4.83,AH+,long,2,9.65,2000,207.25,208,131.16,121.51,129.51,01/07/2021,02/25/2021,-0.17,-343.2,USD,,1/8/2021,145.64,145.64,142.03,142.48,1/11/2021,140.63,140.63,140.25,138.22,1/12/2021,141.66,141.66,140.18,140.99,1/13/2021,143.5,143.5,141.93,141.72
GEVO US Equity,1.83,RH+,long,2,3.66,2000,545.85,546,13.43,9.77,14.14,01/25/2021,02/11/2021,0.19,387.11,USD,,1/26/2021,13.62,13.62,13.03,12.67,1/27/2021,14.25,14.25,11.28,11.73,1/28/2021,12.25,12.25,12.24,11.09,1/29/2021,11.4,11.4,11.05,10.16
SAVA US Equity,11.61,reduce,short,4,46.44,2000,43.07,43,100.99,147.43,114,02/04/2021,02/04/2021,-0.28,-559.43,USD,,2/5/2021,64.83,64.83,54.02,44.8,2/8/2021,69,69,52.11,60.67,2/9/2021,65.72,65.72,57.79,57.56,2/10/2021,52.67,52.67,52.355,49.29
THCB US Equity,1.71,reduce,long,2,3.42,2000,584.8,600,22.1,18.68,20.29,02/01/2021,02/01/2021,-0.54,-1086.12,USD,,2/2/2021,23.7591,23.7591,22.75,21.4,2/3/2021,23,23,21.67,21.38,2/4/2021,22,22,21.95,21.82,2/5/2021,22.98,22.98,21.83,21.99
AG US Equity,1.47,reduce,long,2,2.94,2000,680.27,500,23.59,20.65,22.23,02/01/2021,02/01/2021,-0.34,-682,USD,,2/2/2021,18.35,18.35,18.16,16.76,2/3/2021,17.2701,17.2701,17.04,16.38,2/4/2021,16.45,16.45,15.23,16.11,2/5/2021,16.72,16.72,16.4,16.5
AG US Equity,1.47,TA,short,1.5,2.2,2000,910.13,1000,24,26.2,23.59,02/01/2021,02/01/2021,0.21,410,USD,,2/2/2021,18.35,18.35,18.16,16.76,2/3/2021,17.2701,17.2701,17.04,16.38,2/4/2021,16.45,16.45,15.23,16.11,2/5/2021,16.72,16.72,16.4,16.5
CTIB US Equity,0.21,,long,3,0.63,1200,1904.76,1905,3.95,3.32,4.13,02/23/2021,02/23/2021,0.28,335.85,USD,,2/24/2021,3.11,3.11,2.75,3.06,2/25/2021,2.93,2.93,2.89,2.5,2/26/2021,2.67,2.67,2.54,2.52,3/1/2021,2.52,2.52,2.5,2.49
GTEC US Equity,0.51,Partnership,long,2,1.03,1200,1167.68,778,22,20.97,23.46,02/18/2021,02/18/2021,0.94,1132.77,USD,,2/19/2021,14.3,14.3,13.61,12.94,2/22/2021,13.55,13.55,12.7,13,2/23/2021,12.25,12.25,11.85,12.23,2/24/2021,13.5,13.5,12.38,13.34
GTEC US Equity,2.3,x2,long,2,4.59,1200,261.23,261,25.51,20.92,20.83,02/18/2021,02/18/2021,-1.02,-1222,USD,,2/19/2021,14.3,14.3,13.61,12.94,2/22/2021,13.55,13.55,12.7,13,2/23/2021,12.25,12.25,11.85,12.23,2/24/2021,13.5,13.5,12.38,13.34
ALTU US Equity,0.24,SPAC,short,2,0.48,1200,2526.32,2526,12.18,12.65,11.92,02/18/2021,02/18/2021,0.54,644.89,USD,,2/19/2021,13.94,13.94,12.74,13.53,2/22/2021,14.54,14.54,14.18,13.14,2/23/2021,12.7,12.7,12,12.01,2/24/2021,12.4734,12.4734,12.25,12.05
IMNM US Equity,5.76,,short,1,5.76,1200,208.33,140,50.1,55.86,41.93,02/18/2021,02/18/2021,0.95,1143.9,USD,,2/19/2021,47.9,47.9,39.89,38,2/22/2021,36.7645,36.7645,36.5,31.2,2/23/2021,30,30,29.64,28.51,2/24/2021,48.7,48.7,28.4,43.24
VIOT US Equity,1.73,No news,short,2,3.47,1200,346.12,347,18.95,22.42,16.32,02/22/2021,02/22/2021,0.76,912.05,USD,,2/23/2021,14.78,14.78,13.79,13.93,2/24/2021,14.94,14.94,14.165,12.25,2/25/2021,12.51,12.51,12.21,11.24,2/26/2021,11.17,11.17,10.95,10.38
VCNX US Equity,0.34,partnership,long,3,1.03,1200,1168.8,1168,4.86,3.83,7.7,02/19/2021,02/19/2021,2.76,3317.82,USD,,2/22/2021,5.79,5.79,5.5,5.11,2/23/2021,4.46,4.46,4.4505,3.99,2/24/2021,4.63,4.63,4.03,4.22,2/25/2021,4.21,4.21,4.1,3.7
RETO US Equity,0.16,no news,long,3,0.49,1200,2466.55,2466,3.2,2.71,2.75,02/22/2021,02/22/2021,-0.92,-1109.7,USD,,2/23/2021,2.8,2.8,2.61,2.55,2/24/2021,2.36,2.36,2.2,2.31,2/25/2021,2.17,2.17,2.1,1.85,2/26/2021,1.86,1.86,1.8,1.74
CASA US Equity,0.46,results,short,2,0.92,1200,1305.99,1305,10.65,11.57,11.61,02/19/2021,02/19/2021,-1.05,-1255.8,USD,,2/22/2021,11.595,11.595,11,9.74,2/23/2021,9.61,9.61,9.32,9.14,2/24/2021,9.6025,9.6025,9.48,9.12,2/25/2021,9.144,9.144,9.03,8.44
JMP US Equity,0.33,results,short,2,0.66,1200,1827.32,1827,8.85,9.51,8.87,02/19/2021,02/19/2021,-0.03,-38,USD,,2/22/2021,6.4,6.4,6.21,5.93,2/23/2021,5.585,5.585,5.57,5.31,2/24/2021,6.1873,6.1873,5.65,6.1,2/25/2021,6.1368,6.1368,6.11,5.35
IMNM US Equity,2.15,Covid+,short,3,6.46,1200,185.75,278,54.73,61.19,59.34,02/18/2021,02/18/2021,-1.07,-1281.61,USD,,2/19/2021,47.9,47.9,39.89,38,2/22/2021,36.7645,36.7645,36.5,31.2,2/23/2021,30,30,29.64,28.51,2/24/2021,48.7,48.7,28.4,43.24
